"","NodeCor","chr","pos","strand","Name","AddressA","AddressB","ProbeSeqA","ProbeSeqB","Type","NextBase","Color","Probe_rs","Probe_maf","CpG_rs","CpG_maf","SBE_rs","SBE_maf","Islands_Name","Relation_to_Island","Forward_Sequence","SourceSeq","Random_Loci","Methyl27_Loci","UCSC_RefGene_Name","UCSC_RefGene_Accession","UCSC_RefGene_Group","Phantom","DMR","Enhancer","HMM_Island","Regulatory_Feature_Name","Regulatory_Feature_Group","DHS"
"cg00500789",0.691210379492685,"chr1",43751370,"-","cg00500789","67754411","28780406","AAAACAATAAACAAAACTAAAACTACAAATCTAACAAAAAACAAACTACA","AAAACAATAAACGAAACTAAAACTACAAATCTAACAAAAAACGAACTACG","I","A","Red","rs75178044",0.020399,NA,NA,NA,NA,"","OpenSea","GACTCACCTGCGGAGGCAGTGGGCGGGGCTGAAGCTGCAGGTCTGGCAGAGGGCGGGCTG[CG]GCAGCGCCTCCAGTGGGGAGGGATAATTCTACCTCTCCCCCAAGCTTTTGCCAAGAACTT","GAGGCAGTGGGCGGGGCTGAAGCTGCAGGTCTGGCAGAGGGCGGGCTGCG","TRUE","","C1orf210;C1orf210","NM_001164829;NM_182517","TSS200;TSS200","","","TRUE","","","","TRUE"
"cg09476130",0.689021764843836,"chr1",159870086,"+","cg09476130","64747428","42729461","CAAATCAATCCTTCAAAACCACAATTAAACTAAAACATAAAACTACAACA","CGAATCAATCCTTCAAAACCGCGATTAAACTAAAACGTAAAACTACAACG","I","A","Red",NA,NA,NA,NA,NA,NA,"chr1:159869901-159870143","Island","ACCTCCAGCGGGCAGTTGCCTTGTGCTGGTGGCTTAGGAACCGGAGCCCGTCGCTCCAAC[CG]TTGCAGCTCCACGCTCCAGCCCAACCGCGGCTCTGAAGGATTGACCCGCCCTGGCGTGCC","CGGGTCAATCCTTCAGAGCCGCGGTTGGGCTGGAGCGTGGAGCTGCAACG","","","CCDC19","NM_012337","TSS200","","","TRUE","1:158136551-158136767","","","TRUE"
"cg09517873",0.688208193101987,"chr1",12656315,"+","cg09517873","47724318","16777326","ACTAACCCCAAAAACCCAACCCTCAAATTTAAAAACTTCTCAAAAAAACA","ACTAACCCCGAAAACCCAACCCTCGAATTTAAAAACTTCTCGAAAAAACG","I","A","Red",NA,NA,NA,NA,NA,NA,"chr1:12655926-12656248","S_Shore","CCTGGGGGCTGGCAGCTCCCACCCCTCCGGGGGCAGCCTCTCCTCTAGGGTCTCTGTCTC[CG]CTTCCCCGAGAAGCCTCTAAACCCGAGGGCTGGGCCTCCGGGGTCAGCTTCGGGTTTTCG","GCTGACCCCGGAGGCCCAGCCCTCGGGTTTAGAGGCTTCTCGGGGAAGCG","","","DHRS3","NM_004753","Body","","","","1:12577822-12578955","","","TRUE"
"cg10841756",0.686671938445409,"chr1",161059267,"+","cg10841756","38676408","42794504","CTCTAAAAAAACTCAAAACTCCCAATCACAACTTCTTAAAAATAACTACA","CTCTAAAAAAACTCGAAACTCCCGATCACGACTTCTTAAAAATAACTACG","I","A","Red",NA,NA,NA,NA,NA,NA,"","OpenSea","GCACTTGGGTCTCCACTAGGGGACCCAGCCCCAGCCCCGGCCCCGTTCTACACACCCAGC[CG]TAGCTACCCCCAAGAAGCCGTGATCGGGAGCTCCGAGCTCCCCCAGAGCTGCTTCCCACG","CTCTGGGGGAGCTCGGAGCTCCCGATCACGGCTTCTTGGGGGTAGCTACG","","","PVRL4;PVRL4","NM_030916;NM_030916","5'UTR;1stExon","","","","","","",""
"cg13239713",0.68386674450529,"chr1",229229512,"-","cg13239713","28702434","33779334","TTAACCACAAAAACCCAAAAAAACCAAAAAAACCAATTTAAACCATAACA","TTAACCACGAAAACCCAAAAAAACCAAAAAAACCAATTTAAACCATAACG","I","A","Red",NA,NA,NA,NA,NA,NA,"","OpenSea","TAGGCTCTCCTCTTGGCCACGGAGACCCAAAGAAACCAGAAAAACCAGTTTAGGCCATGA[CG]GGAAGCAGGGAGGGTCAGACATACCTCATCACACCCTCCTCCCTTTGGAGTTCAGGCACA","TTGGCCACGGAGACCCAAAGAAACCAGAAAAACCAGTTTAGGCCATGACG","","","","","","","","TRUE","","","",""
"cg14510299",0.681006708023391,"chr1",27928494,"+","cg14510299","56707408","31679478","AAACCCTTAAAAAACCTATACCTATCTAACTAAACAAACATTTCCCACCA","AAACCCTTAAAAAACCTATACCTATCTAACTAAACAAACGTTTCCCGCCG","I","A","Red",NA,NA,NA,NA,NA,NA,"chr1:27929705-27930866","N_Shore","CTCACACCCTGAGCTCTGCCCAGGGAGCTGGGGCCAAGTCCCGCCTGACACCAACTGGTC[CG]GCGGGAAACGCCTGCCCAGCCAGACAGGCACAGGCCCCCCAAGGGTCCCTCCTTGTGCTC","CGGCGGGAAACGCCTGCCCAGCCAGACAGGCACAGGCCCCCCAAGGGTCC","","","AHDC1","NM_001029882","5'UTR","","","","","","",""
"cg15575375",0.680950846217282,"chr1",61649973,"+","cg15575375","65803339","23739441","TACCCTCATAACATATCACATAACTTAACACTACCAACTAATTAACTACA","TACCCTCGTAACATATCACGTAACTTAACACTACCGACTAATTAACTACG","I","A","Red",NA,NA,NA,NA,NA,NA,"","OpenSea","TTTAAGGAGCCAGTGAAGGGCGACGTTCCGCTCCTTACATGGCGGCTGTATTTACTCGGC[CG]CAGCCAATCAGCCGGCAGTGCCAAGCCACGTGACATGCCACGAGGGCACGCACAGCCATT","TGCCCTCGTGGCATGTCACGTGGCTTGGCACTGCCGGCTGATTGGCTGCG","","","NFIA;NFIA;NFIA;NFIA","NM_001145512;NM_001145511;NM_001134673;NM_005595","Body;Body;Body;Body","","","TRUE","1:61422465-61422576","","","TRUE"
"cg17826530",0.680073445263281,"chr1",59280290,"-","cg17826530","32616343","17689429","AATAATCACCAAACATAAAACTTCTAACTACTAAATCAAAAAAATAAACA","GATAATCACCGAACGTAAAACTTCTAACTACTAAATCAAAAAAATAAACG","I","A","Red",NA,NA,NA,NA,NA,NA,"chr1:59280240-59280490","Island","GGGCTCTGGGTCGGTGGTCACCGGGCGTGGGGCTTCTGGCTGCTAAATCAGGAGAGTGAG[CG]GGCCGGGCGGCGGCGAATGAGTTGACGGGTGGAGCTGGAAGAGGCTTTGGCGATCCAGCG","GGTGGTCACCGGGCGTGGGGCTTCTGGCTGCTAAATCAGGAGAGTGAGCG","","","","","","","","TRUE","1:59052829-59053438","","",""
"cg21210531",0.680037843054588,"chr1",235105604,"+","cg21210531","47678320","55654472","TACACTAACATATTTATACTTCCAAAAACATCCCACAATTCTATTATCCA","TACGCTAACGTATTTATACTTCCAAAAACATCCCGCGATTCTATTATCCG","I","A","Red",NA,NA,NA,NA,NA,NA,"","OpenSea","TCGGGTTACAGGTGACTGTTGCCAGATTTGATTTTATTGGCAAATAGGTCCTGGTGTGTC[CG]GACAACAGAACCGCGGGATGCTTCTGGAAGCACAAACACGCCAGCGCACCAAAGGGTAAC","TGCGCTGGCGTGTTTGTGCTTCCAGAAGCATCCCGCGGTTCTGTTGTCCG","","","","","","","","","1:233172227-233172572","","",""
"cg24486037",0.67985379511487,"chr1",151345181,"-","cg24486037","28648377","41799412","ACTTTAATCCCAACAAATTTACTATACTAATATCAAAAACCACTATTCCA","ACTTTAATCCCGACGAATTTACTATACTAATATCAAAAACCGCTATTCCG","I","A","Red",NA,NA,NA,NA,NA,NA,"","OpenSea","GCCGACTGGTACACTTTGATCCCGGCGGGTTTGCTGTGCTGGTGTCAGAGGCCGCTGTTC[CG]GGGAAGGAGCGAAGGGAGGGAATTTATACAACCAGCTGGGGGTGGGGCAGAGAAGGAGGA","ACTTTGATCCCGGCGGGTTTGCTGTGCTGGTGTCAGAGGCCGCTGTTCCG","","","SELENBP1","NM_003944","TSS200","low-CpG:149611798-149611807","","TRUE","","","","TRUE"
"cg00326131",0.67889540990509,"chr2",74668477,"-","cg00326131","69621484","39692302","AAATAAAACTAACAACTAAAAAACAAACAAAAACCCAAACCAAAAATCCA","AAATAAAACTAACGACTAAAAAACAAACGAAAACCCAAACCAAAAATCCG","I","A","Red",NA,NA,NA,NA,NA,NA,"chr2:74667593-74669403","Island","CGACAGGTTGTGGGATGGGGCTGGCGACTGGGGAACAAGCGGGAGCCCAGGCCAAGAGTC[CG]AGCGCTTGGGGCCCGCCTAGCTGCCCACCGCCCTTGGCCCGGGGATGCCCAAGACATTTT","CGGACTCTTGGCCTGGGCTCCCGCTTGTTCCCCAGTCGCCAGCCCCATCC","","","RTKN;RTKN;RTKN","NM_001015055;NM_033046;NM_001015056","Body;TSS1500;TSS1500","","RDMR","","2:74521141-74522952","2:74667057-74668479","Unclassified",""
"cg04747036",0.676652132145893,"chr2",6072981,"+","cg04747036","66716343","30662430","AATATCAACAACTCCAAACCATAAAAATTCTATACTTCCAACAAAACTCA","GATATCAACGACTCCGAACCGTAAAAATTCTATACTTCCAACGAAACTCG","I","T","Red",NA,NA,NA,NA,NA,NA,"","OpenSea","GCAGTGTTTTGACGACTGCCTCACTAAAGGAAGCTAAAAGCTGTGCTGATGCCTCCCAGA[CG]AGCCTCGTTGGAAGCACAGAACCTTCACGGCTCGGAGCCGCTGACACCGTGACAAAGGGA","CGAGCCTCGTTGGAAGCACAGAACCTTCACGGCTCGGAGCCGCTGACACC","","","LOC150622","NR_026832","Body","","","","2:5990370-5990482","","",""
"cg05304507",0.676564318723261,"chr6",116381966,"-","cg05304507","52769481","71702328","CAAAAACTCTCCCCCTATTTCAAATCTATTCCTATCTTTCAACCAATCCA","CAAAAACTCTCCCCCTATTTCAAATCTATTCCTATCTTTCGACCAATCCG","I","A","Red",NA,NA,NA,NA,NA,NA,"","OpenSea","TCTTGCTTTCGCCAGGAGCTCTCCCCCTGTTTCAAGTCTGTTCCTGTCTTTCGACCAGTC[CG]GATCTGGACGGCTCTCTCCTTTTTGCTAATGAATAACCAACCAGCAGAGGCTGTTGCCTT","CGGACTGGTCGAAAGACAGGAACAGACTTGAAACAGGGGGAGAGCTCCTG","","","FRK","NM_002031","TSS200","","","TRUE","","","",""
"cg15226275",0.675916147865129,"chr6",116381976,"-","cg15226275","35672402","40639486","CCCCCTATTTCAAATCTATTCCTATCTTTCAACCAATCCAAATCTAAACA","CCCCCTATTTCAAATCTATTCCTATCTTTCGACCAATCCGAATCTAAACG","I","A","Red",NA,NA,NA,NA,NA,NA,"","OpenSea","GCCAGGAGCTCTCCCCCTGTTTCAAGTCTGTTCCTGTCTTTCGACCAGTCCGGATCTGGA[CG]GCTCTCTCCTTTTTGCTAATGAATAACCAACCAGCAGAGGCTGTTGCCTTTAACATTCTG","CCCCCTGTTTCAAGTCTGTTCCTGTCTTTCGACCAGTCCGGATCTGGACG","","","FRK","NM_002031","TSS200","","","TRUE","","","",""
"cg08370546",0.67517177360202,"chr7",56160770,"-","cg08370546","34726309","73655446","AACAAACCAAAACTCCACAAAAACAAAACATAAAACCCAATCTCCAAACA","AACAAACCAAAACTCCGCAAAAACAAAACATAAAACCCAATCTCCGAACG","I","A","Red",NA,NA,NA,NA,NA,NA,"","OpenSea","GCAAACCCGGGAGGCAGGCCAAGGCTCCGCAGGGACAGGGCATGGAGCCCAGTCTCCGGG[CG]GAAGGTGGGGGACCTCTGGTGGAGGGTGAGGGAAGCTTGTGTGGCCTGAGACCAGGCCAG","CGCCCGGAGACTGGGCTCCATGCCCTGTCCCTGCGGAGCCTTGGCCTGCC","","","PHKG1","NM_006213","TSS200","","","","","","","TRUE"
"cg11180921",0.674982279999221,"chr11",57090226,"-","cg11180921","34681489","51753434","ACCAACCCAAACCTAAACTAAAAAAACAAAACAAAACTTAAAAACATCCA","ACCGACCCAAACCTAAACTAAAAAAACGAAACAAAACTTAAAAACATCCG","I","A","Red",NA,NA,NA,NA,NA,NA,"chr11:57091614-57092831","N_Shore","GAGGAAGGAGGAGCCGGCCCAGGCCTGGGCTGGGAGAACGGGACAGGGCTTGAGAACATC[CG]GGGGGTGGAGTGACTTGGGGGAAAATTCCCTGGGGCTCCACCTTCCACGACAGTCAGGGT","GCCGGCCCAGGCCTGGGCTGGGAGAACGGGACAGGGCTTGAGAACATCCG","","","TNKS1BP1","NM_033396","5'UTR","","","TRUE","","","",""
"cg26446832",0.674723421184929,"chr11",12015695,"-","cg26446832","50741356","69797507","AAAACTACAAATATCAAAAAAAAAACACCTATACCTATAAAAACCTTTCA","GAAACTACAAATATCAAAAAAAAAACGCCTATACCTATAAAAACCTTTCG","I","C","Grn",NA,NA,NA,NA,NA,NA,"","OpenSea","TGAAAGCAGCCCGAGGCTACAAATGTCAGAGGAAAGACGCCTGTGCCTGTGGAGACCTTT[CG]CATCTCCCCCCAGTCTCATGCCATTCTTTTTTCTGTAAAGTTGCTGGGAACCAGCAAATT","GAGGCTACAAATGTCAGAGGAAAGACGCCTGTGCCTGTGGAGACCTTTCG","","","DKK3;DKK3;DKK3","NM_001018057;NM_015881;NM_013253","Body;Body;Body","","","TRUE","","","","TRUE"
"cg00366413",0.67232458584334,"chr12",7072696,"-","cg00366413","64740340","66639309","AACAATCAAAAAACTTCAAAAAACCTACTTAAACTACAACCTAAACCTCA","GACGATCGAAAAACTTCGAAAAACCTACTTAAACTACAACCTAAACCTCG","I","T","Red",NA,NA,NA,NA,NA,NA,"","OpenSea","AGGCGGCGGGCCGACGGTCGAGGGGCTTCGGAGGGCCTGCTTGGACTGCAACCTGGGCCT[CG]TGATCAGCGACCCAGGGTGTGGCTGGTGGCGGGCAGCAGGGCTCACCAGGAAGTGTCCCC","CGAGGCCCAGGTTGCAGTCCAAGCAGGCCCTCCGAAGCCCCTCGACCGTC","","","MIR141;MIR200C","NR_029682;NR_029779","TSS1500;TSS200","","","","12:6942853-6942958","","",""
"cg00776080",0.672029140192011,"chr12",53442322,"-","cg00776080","27808413","13794494","AACAAAACTAAAAACTCAACAAAACCAAACCCAATTACCCACACTAACCA","AACAAAACTAAAAACTCGACAAAACCAAACCCGATTACCCACACTAACCG","I","A","Red",NA,NA,NA,NA,NA,NA,"chr12:53440579-53440840","S_Shore","CCATCTCCCCCAAGCAGGGCTGGGGGCTCGACAAGGCCAGGCCCGGTTGCCCACACTGGC[CG]GGGGCCTGGAATGTGCTGGGACACAGCCAGGCTGGCAGGATGGGGGTGGGTCACAGAGCC","AGCAGGGCTGGGGGCTCGACAAGGCCAGGCCCGGTTGCCCACACTGGCCG","","","TENC1;TENC1","NM_198316;NM_015319","5'UTR;TSS1500","","","TRUE","","12:53441876-53443325","Promoter_Associated",""
"cg01054110",0.671186456779075,"chr12",125002332,"+","cg01054110","48714362","44710424","CAAACAAAATTACTACAATCACAAAAAAAAACACTCAAAAACACTAACCA","CGAACGAAATTACTACAATCACGAAAAAAAACGCTCGAAAACGCTAACCG","I","A","Red",NA,NA,NA,NA,NA,NA,"chr12:125002006-125002433","Island","CAGTGCCCACCCGGGTCCCCTCCCACGCGGGCCGGCCAAGAAGCCTCACCCCGGCCTGCC[CG]GCCAGCGCCTCCGAGCGCTCTTTTCCGTGACTGCAGCAACTTCGTCCGATGAGACAGCCC","CGGACGAAGTTGCTGCAGTCACGGAAAAGAGCGCTCGGAGGCGCTGGCCG","","","NCOR2;NCOR2","NM_006312;NM_001077261","5'UTR;5'UTR","","","","12:123567923-123568665","","",""
"cg01657186",0.670829204945764,"chr12",679900,"+","cg01657186","16703499","13700406","AAAAACAAAAAATAAACAAAACCCTATACACTTATAACAAATAAAAACCA","AAAAACGAAAAATAAACAAAACCCTATACGCTTATAACGAATAAAAACCG","I","C","Grn",NA,NA,NA,NA,NA,NA,"chr12:678959-679299","S_Shore","TCCCCTGGCCCTGGCCCTGGCCTCTGCGCCCTCCCTGCAGAGCTGGTCCGGGTGGGCTGG[CG]GCCTCCACCCGCCACAAGCGCACAGGGCTCTGCCCACTCCCCGCCCCTTTTCTGCTGATC","CGGCCTCCACCCGCCACAAGCGCACAGGGCTCTGCCCACTCCCCGCCCCT","","","NINJ2","NM_016533","Body","","","TRUE","","12:678572-680056","Promoter_Associated",""
"cg04347477",0.670437623634918,"chr12",125002007,"+","cg04347477","50796333","68642492","AAATAACACTTAACTCAATACCCATATCTAATTTAAAATCAACACCACCA","AAATAACGCTTAACTCGATACCCATATCTAATTTAAAATCAACGCCACCG","I","A","Red",NA,NA,NA,NA,NA,NA,"chr12:125002006-125002433","Island","TTCCAACTTTCCAGTGTTTATCCCGGCTCCTCGCTGCCAAGTCCCTGGGCAAGCCTGGGC[CG]GTGGCGCTGATTTCAAACCAGACATGGGCACCGAGCCAAGCGCCACCTCGGTGGGGAGCC","AGGTGGCGCTTGGCTCGGTGCCCATGTCTGGTTTGAAATCAGCGCCACCG","","","NCOR2;NCOR2","NM_006312;NM_001077261","5'UTR;5'UTR","","","","12:123567923-123568665","","",""
"cg11639950",0.66986896327677,"chr12",125003407,"+","cg11639950","37646468","66765362","ACCAAAACCTAAATTCAAAACCAAACCAAAACCAAAACACCAAAACTACA","ACCGAAACCTAAATTCGAAACCAAACCGAAACCAAAACGCCAAAACTACG","I","C","Grn",NA,NA,NA,NA,NA,NA,"chr12:125003217-125003482","Island","CCCGCTTCCTCCCAGCCCGGACTGTCCAGCTTCGAGCCGCACCTGCACCTCCAACCTGAG[CG]TAGCTCTGGCGCCTTGGCTCCGGCCTGGTTCCGAACCCAGGCCTCGGCCCATCCCTCCCC","GCCGAGGCCTGGGTTCGGAACCAGGCCGGAGCCAAGGCGCCAGAGCTACG","","","NCOR2;NCOR2","NM_006312;NM_001077261","5'UTR;5'UTR","","RDMR","TRUE","12:123568738-123569372","","",""
"cg24702147",0.668616086934643,"chr12",7071814,"-","cg24702147","55789504","51751306","CTATAAAATAAATCCAAAAACAACTCAATCCAAAAAATAAAACACAATCA","CTATAAAATAAATCCGAAAACAACTCGATCCGAAAAATAAAACGCGATCG","I","T","Red",NA,NA,NA,NA,NA,NA,"","OpenSea","CTGAGGGCTGTGCTGTGAGGTGGGTCCGGGAGCAGCTCGGTCCGGAGAGTGGAGCGCGAT[CG]TTCCCTCTGCAGGCCTCAATCGAGGGGCAAGGCTGATGCTCCGGGCCAGCTGGGGTCTCT","CGATCGCGCTCCACTCTCCGGACCGAGCTGCTCCCGGACCCACCTCACAG","","","MIR141;MIR200C","NR_029682;NR_029779","TSS1500;TSS1500","","","","","12:7069947-7071841","Promoter_Associated",""
"cg12212198",0.668592416625603,"chr13",114302021,"+","cg12212198","59718418","15691501","AAAAACAACCATACCAACAAATTAACTATAAACCCAAAATCCTCAAACCA","AAAAACGACCGTACCAACAAATTAACTATAAACCCGAAATCCTCGAACCG","I","T","Red","rs113373977",0.033394,NA,NA,NA,NA,"chr13:114302311-114302519","N_Shore","TCCCAAGTGAGCGGGGCGGCTGTCCTCGAGGACTCCGGGCTCACAGCCAACCTGCTGGCA[CG]GCTCGAGGACTCCGGGCTCACAGCCAACCTGCTGGCACGGCCGCCCTTTCCCGCCCTGCC","CGGCTCGAGGACTCCGGGCTCACAGCCAACCTGCTGGCACGGCCGCCCTT","","","","","","","","","13:113349988-113350086","","","TRUE"
"cg00944421",0.668053894521079,"chr16",68269483,"+","cg00944421","19773451","71656328","ACACCAAAATAAATAACAACATAACCTAAACATAAAAACATTTCTAAACA","ACGCCGAAATAAATAACGACATAACCTAAACGTAAAAACATTTCTAAACG","I","A","Red",NA,NA,NA,NA,NA,NA,"chr16:68269010-68272143","Island","GTCCTGCCGCCTGGACCGGTTGGTTGCGGCACGCCAGGCCTAGCCTCCGGCCGCCAATCC[CG]CCCAGAAATGTCCTCACGTCCAGGCCATGCCGCCACCCACCCCGGCGCTCACCTGCTGCA","CGCCCAGAAATGTCCTCACGTCCAGGCCATGCCGCCACCCACCCCGGCGC","","","ESRP2","NM_024939","Body","","RDMR","","16:66826526-66829595","","",""
"cg02479497",0.667928688047638,"chr16",85548895,"+","cg02479497","66809468","41623470","AAAAACCTCAAAAAAACATAAACTAAAACCAAACCCCTCCTAACTCCCCA","AAAAACCTCAAAAAAACGTAAACTAAAACCAAACCCCTCCTAACTCCCCG","I","A","Red",NA,NA,NA,NA,NA,NA,"chr16:85551382-85551709","N_Shelf","CCTCACCTCTGCCCCCATCCCCGTCCTCAGGGTCCTGCACTCCAGCCCGGAGGCAGTGCC[CG]GGGAGCCAGGAGGGGCCTGGTCTCAGCCCACGCTCTCCTGAGGCTCCTCCTGCCAGCCTC","CGGGGAGCCAGGAGGGGCCTGGTCTCAGCCCACGCTCTCCTGAGGCTCCT","","","","","","","","TRUE","","","",""
"cg06127256",0.667644849651971,"chr16",73206588,"+","cg06127256","70640428","59751400","TAACCAAAATCCCATACTTAACATACAACCAATCTTATTCTCATTATCCA","TAACCGAAATCCCGTACTTAACATACAACCGATCTTATTCTCATTATCCG","I","A","Red",NA,NA,NA,NA,NA,NA,"","OpenSea","TTTAAAGCCGGTTTTTTGAGAGAGAGAAAGAGACAGAGAAAGAGGTTTCTGTAAGTAGCC[CG]GACAATGAGAACAAGACCGGCTGTATGCCAAGCACGGGATCCCGGCCAAAACACATATCA","TGGCCGGGATCCCGTGCTTGGCATACAGCCGGTCTTGTTCTCATTGTCCG","","","","","","","","TRUE","16:71764089-71764134","16:73206087-73208073","Unclassified_Cell_type_specific","TRUE"
"cg07310671",0.667619167044178,"chr16",85253980,"-","cg07310671","34768479","47623501","ACATATTACCAAAAACCTTAACTAAAAAAAACAAACAAAACTCCAAACCA","ACATATTACCAAAAACCTTAACTAAAAAAAACAAACGAAACTCCAAACCG","I","A","Red",NA,NA,NA,NA,NA,NA,"","OpenSea","AATTACCGGACCACATGTTGCCAGGAGCCTTGGCTGGGAGAGGCAAGCGAGGCTCCAAGC[CG]GCGAGCGGGCGGCGGCGCAGATGGAAACTCGATCACCCCCGGCTCAGCAGACTGTTTGAT","ACATGTTGCCAGGAGCCTTGGCTGGGAGAGGCAAGCGAGGCTCCAAGCCG","","","","","","","","","16:83811481-83811523","","","TRUE"
"cg08775835",0.666742810937606,"chr16",31147044,"-","cg08775835","36700498","43701363","AAACACCTAAAATATCCAAAACAAACAATATAAACAAATCACCAACACCA","AAACGCCTAAAATATCCGAAACGAACAATATAAACGAATCACCAACACCG","I","T","Red",NA,NA,NA,NA,NA,NA,"","OpenSea","GGCCGCAACGGGAGACGCCTGGAGTATCCGAAGCGAGCAGTGTGGACGAGTCACCAGCAC[CG]TCTGGCCACGCAGGGTCCTCCCAGGAGTGGCTGCACCTACCTGCCCGCCCCTCCCCTGGC","CGGTGCTGGTGACTCGTCCACACTGCTCGCTTCGGATACTCCAGGCGTCT","","","PRSS8;PRSS8","NM_002773;NM_002773","1stExon;5'UTR","low-CpG:31054493-31054599","","","","","","TRUE"
"cg27436118",0.666702072637213,"chr16",4729905,"+","cg27436118","38748464","54747474","TATCCTCTTACCACACCATAACACAAAACTTCACAAACTTCCAAAAAACA","TATCCTCTTACCACACCGTAACGCAAAACTTCACAAACTTCCGAAAAACG","I","T","Red",NA,NA,NA,NA,NA,NA,"chr16:4730262-4730487","N_Shore","ACGCACACATGGCCCACCCAGACCCGAGTCAACCCTCACTTAGGACAGTCCCGAGATTCA[CG]TCCCCCGGAAGCTTGTGAAGTTCTGCGCCACGGTGTGGCAAGAGGACAGCCAGTCAGACC","CGTCCCCCGGAAGCTTGTGAAGTTCTGCGCCACGGTGTGGCAAGAGGACA","","","MGRN1;MGRN1;MGRN1;MGRN1","NM_015246;NM_001142291;NM_001142290;NM_001142289","Body;Body;Body;Body","","","","16:4669897-4669991","","","TRUE"
"cg27436259",0.666218149185705,"chr16",31147017,"-","cg27436259","44789339","18747466","TCTAAAACAAAAAACAACCACAACAAAAAACACCTAAAATATCCAAAACA","TCTAAAACAAAAAACGACCGCAACGAAAAACGCCTAAAATATCCGAAACG","I","A","Red",NA,NA,NA,NA,NA,NA,"","OpenSea","CCAAGGCTGGCCTCTAAGGCAGGGAGCGGCCGCAACGGGAGACGCCTGGAGTATCCGAAG[CG]AGCAGTGTGGACGAGTCACCAGCACCGTCTGGCCACGCAGGGTCCTCCCAGGAGTGGCTG","CGCTTCGGATACTCCAGGCGTCTCCCGTTGCGGCCGCTCCCTGCCTTAGA","","","PRSS8;PRSS8","NM_002773;NM_002773","1stExon;5'UTR","low-CpG:31054493-31054599","","","","","","TRUE"
"cg20780302",0.666079175876954,"chr17",80062106,"-","cg20780302","41686372","13635492","TTCTCACCTAACCTATTTTACCAAACCTAACCAAAATTTCTCTTTCTACA","TTCTCGCCTAACCTATTTTACCGAACCTAACCGAAATTTCTCTTTCTACG","I","T","Red",NA,NA,NA,NA,NA,NA,"chr17:80058665-80058884","S_Shelf","CTCTGCCCCGCCTTCTCGCCTGACCTGTTTTGCCGAGCCTGGCCGGGATTTCTCTTTCTG[CG]TTGGGCTGACTGGGCCGCAGGGAAACCATGTGGACACACAGTTTGCCGGGCACAGCGTGA","CGCAGAAAGAGAAATCCCGGCCAGGCTCGGCAAAACAGGTCAGGCGAGAA","","","CCDC57","NM_198082","Body","","","","","","","TRUE"
"cg21287519",0.665936388662347,"chr17",2251062,"+","cg21287519","37744483","16670348","CAAACTCAATACCCAATCAAAATAAAATAAATAAAACACTATAAACCTCA","CAAACTCAATACCCAATCGAAATAAAATAAATAAAACACTATAAACCTCG","I","A","Red",NA,NA,NA,NA,NA,NA,"","OpenSea","CCAGGTATGCTCCTGCCTTGGCATCCCAAGTAACTGGGATTACAGGTGCATACCACCGCC[CG]AGGTCCATAGTGTTTTATTTACCCTATTCCGATTGGGCACTGAGTTTGCATTTTAACCTT","CAAACTCAGTGCCCAATCGGAATAGGGTAAATAAAACACTATGGACCTCG","","","SGSM2;SGSM2","NM_014853;NM_001098509","Body;Body","","","TRUE","","","","TRUE"
"cg06686742",0.665655131213678,"chr19",8273505,"+","cg06686742","63810300","67679451","TAAAAACACCAAACAAAAACTACAATTTAATAAAATACAAAAATCAAACA","TAAAAACACCGAACAAAAACTACGATTTAATAAAATACAAAAATCAAACG","I","A","Red",NA,NA,NA,NA,NA,NA,"chr19:8273530-8273920","N_Shore","AAACCAGGGCTGCGCCACCACCCACCCGGCCTATCTCCCATCTTATCTCCCCAGCTCTGT[CG]CCTGACCCCTGCACCCCACCAAATCGCAGCCTTTGCCCGGTGCCCTCACCGCCTCGGTTG","CGCCTGACCCCTGCACCCCACCAAATCGCAGCCTTTGCCCGGTGCCCTCA","","","LASS4","NM_024552","TSS1500","","","","19:8179505-8181045","","",""
"cg09386265",0.665621824010789,"chr19",1313642,"+","cg09386265","38797500","61715340","CTAAAAATTTATAAACTAACCATACCTTCCAAAACCAACCAAACATCCCA","CTAAAAATTTATAAACTAACCGTACCTTCCAAAACCAACCAAACGTCCCG","I","A","Red","rs78592016",0.030843,NA,NA,NA,NA,"chr19:1312787-1313528","S_Shore","CCTGCAGGGAGAGAGACACGGCCGGCAGCTGCCCCTCCCTGAGTCACCAAACAGGAATTC[CG]GGACGTCTGGCTGGCCCTGGAAGGCACGGCTAGCTTACAAACCCCCAGTCTTCAGGAACC","CGGGACGTCTGGCTGGCCCTGGAAGGCACGGCTAGCTTACAAACCCCCAG","","","","","","","","TRUE","","","",""
"cg15059065",0.665501209708163,"chr19",17354961,"+","cg15059065","73611484","42673369","CCCTCAAACTTTAAATATCTCTAAAACAAACAAAAAATAAAACATTTCCA","CCCTCAAACTTTAAATATCTCTAAAACGAACAAAAAATAAAACGTTTCCG","I","A","Red",NA,NA,NA,NA,NA,NA,"chr19:17355181-17356471","N_Shore","CTAGCAAGGCCACGCCCTGCCAGAGAGGTCTCCGACCTGGGACAGCCCAAGGCTCCTGCT[CG]GAAACGTTTCACTCCCTGCCCGTCTCAGAGACACCCAAAGTTTGAGGGATTTTTCCAGGA","CGGAAACGTTTCACTCCCTGCCCGTCTCAGAGACACCCAAAGTTTGAGGG","","","NR2F6","NM_005234","Body","","DMR","","19:17215806-17218642","","",""
"cg19344626",0.664970550830092,"chr19",16830749,"-","cg19344626","64686313","17788438","AAAACAAAAATTACTAAAATAACCAAAAACTTATCTTCCAAATAACACCA","AAAACGAAAATTACTAAAATAACCAAAAACTTATCTTCCGAATAACGCCG","I","A","Red",NA,NA,NA,NA,NA,NA,"","OpenSea","CATAAAATACCTAAGACGAAAGTTACTAGGATAGCCAGGGGCTTGTCTTCCGGGTGGCGC[CG]AGGCCAGGAAACTGTCCTCTCTAACCTATTTCCCCAGAGGAGTCTAAATTGGTCGTTCAA","CGGCGCCACCCGGAAGACAAGCCCCTGGCTATCCTAGTAACTTTCGTCTT","","","NWD1","NM_001007525","TSS200","","","","","","","TRUE"
"cg27174787",0.664616634561645,"chr19",16178240,"-","cg27174787","33686428","52700454","TACCAAAAACACAATAAACTAACCAAATCCTCCTAAACAAACAAATAACA","TACCGAAAACACGATAAACTAACCAAATCCTCCTAAACAAACGAATAACG","I","A","Red",NA,NA,NA,NA,NA,NA,"chr19:16178396-16178609","N_Shore","TAAGGCGAGGGCTGCCGGGAGCACGGTGAGCTGGCCAAGTCCTCCTGAGCAAGCGAGTGG[CG]GCTGGCCCGGCCGGCCTGGGCTTGGGCCTCCTCCAAGACTCGCCTGGCAGGAGGGCGGAG","TGCCGGGAGCACGGTGAGCTGGCCAAGTCCTCCTGAGCAAGCGAGTGGCG","","","TPM4","NM_001145160","TSS200","","","","19:16039185-16039947","19:16177987-16178319","Unclassified_Cell_type_specific","TRUE"
"cg16606773",0.664551357395928,"chr20",19955806,"-","cg16606773","64690433","10764398","ACAAACTTCTTTTCTAAAAACAAAAAACAATACAAAAACCTTAAACAACA","ACAAACTTCTTTTCTAAAAACAAAAAACGATACAAAAACCTTAAACGACG","I","A","Red",NA,NA,NA,NA,NA,NA,"chr20:19955536-19956034","Island","CCGGCTGAAGAAGCAGGCTTCTTTTCTGGAAGCAGAGGGCGGTGCAAAGACCTTGAGCGG[CG]GCCGGCCGGGCGCAGGCCCGGAGCTGGAGCTGGGCACAGCTGGCAGCCCAGGTGGGGCCC","GCAGGCTTCTTTTCTGGAAGCAGAGGGCGGTGCAAAGACCTTGAGCGGCG","","","RIN2","NM_018993","Body","","","","20:19903537-19904385","","","TRUE"
"cg03685774",0.664102457827054,"chr1",159870326,"+","cg03685774","50676432","","TAATCCTACTAACTTCTCTACAAACTACACTCATCAAAAATTAACTTAAC","","II","","",NA,NA,NA,NA,NA,NA,"chr1:159869901-159870143","S_Shore","GTTTTCCCCTGGGACTTCACCTAGGTTGCTATGATTACTCTTGCCCCATTGCCCAGGAGG[CG]CCAAGCCAACCCCTGATGAGTGTAGTCTGCAGAGAAGCCAGCAGGATCAGGACAAACCAG","GATCCTGCTGGCTTCTCTGCAGACTACACTCATCAGGGGTTGGCTTGGCG","","","CCDC19","NM_012337","TSS1500","","RDMR","TRUE","","","",""
"cg06082598",0.663854629045639,"chr1",241912510,"+","cg06082598","41678446","","TTCTATTATTATTCTCCCAACRCTTCTCAATATACTAAACACCCAATCCC","","II","","","rs73124322",0.036073,NA,NA,NA,NA,"","OpenSea","ACTGGAATGATCTTTCACTGTGAATAATAGTCGTGGCATGGTAGCGAATATTCCCATGTT[CG]GGACTGGGTGTTTAGCACACTGAGAAGCGTTGGGAGAATAACAACAGAAGAGACTCACTT","CGGGACTGGGTGTTTAGCACACTGAGAAGCGTTGGGAGAATAACAACAGA","","","WDR64","NM_144625","Body","","","","","","",""
"cg07243548",0.663715165572097,"chr1",108231160,"-","cg07243548","16785417","","AAAACACCACTACTTTATTTTCTTAACTAATACCTATAATATATTTCCAC","","II","","",NA,NA,NA,NA,NA,NA,"","OpenSea","TGCAGAGTGGTAAAACACCACTGCTTTGTTTTCTTAACTGATACCTGTAATATATTTCCA[CG]GTCCCTCAGGCTGGGCTAGTAATTATTTTGCAACCTTGGTTCTCTTACCCTATTGGCTTG","AAACACCACTGCTTTGTTTTCTTAACTGATACCTGTAATATATTTCCACG","","","VAV3;VAV3","NM_006113;NM_001079874","Body;TSS200","","","TRUE","","","",""
"cg09243900",0.662964887721959,"chr1",156030844,"+","cg09243900","45778442","","ACRTCAAACAAATTCRACAAATTAAATATCTACTCTCAACCTAAACTCCC","","II","","",NA,NA,NA,NA,NA,NA,"","OpenSea","GTCTCTGAAGGTCCTGTCCCTTTTTCGCTTCCCCCCCGCTGGAGCTGCTTCTCCCGCTTG[CG]GGAGCCCAGGCTGAGAGCAGACACCCAACCTGTCGAACCTGTCTGACGTCATCATCTCTC","CGGGAGCCCAGGCTGAGAGCAGACACCCAACCTGTCGAACCTGTCTGACG","","TRUE","RAB25","NM_020387","TSS200","","","","","","",""
"cg16348820",0.662619631211669,"chr1",149909080,"-","cg16348820","21678433","","AACTTCCCTTAAAAACTCCRTTCTTTTATCTTCTCAAAAAAATTTAAAAC","","II","","",NA,NA,NA,NA,NA,NA,"","OpenSea","GTCTCAGTGATGACTTCCCTTAAAAGCTCCGTTCTTTTGTCTTCTCAAAGGGGTTTGGGG[CG]GGGAGAGGGGTAGGAATGTGAAAGTGGTTCAAGCCTCCTTGCCGCCTCTTCCAGAAGAAA","CGCCCCAAACCCCTTTGAGAAGACAAAAGAACGGAGCTTTTAAGGGAAGT","","","MTMR11;MTMR11","NM_181873;NM_001145862","TSS1500;TSS1500","","","TRUE","","","",""
"cg16557111",0.662396916399157,"chr1",161059429,"-","cg16557111","49664492","","ACAAATACRTCTCTAAAAACTAAACCTAACACRAAAACTCAACAACCACC","","II","","",NA,NA,NA,NA,NA,NA,"","OpenSea","AGCAGGTCAGAACAGGTGCGTCTCTGGGGGCTGGGCCTGGCACGGAGACTCAGCAGCCAC[CG]CCCCCATGGCCTGGGCTAGCTAATAGGCGCCAGGGAGGGAGGGAAGGAGGGAAGGACCTG","CAGGTGCGTCTCTGGGGGCTGGGCCTGGCACGGAGACTCAGCAGCCACCG","","","PVRL4","NM_030916","TSS200","","","","","","",""
"cg17898069",0.662327083605586,"chr1",234445489,"+","cg17898069","27633361","","AACCAAAACTACATACACRCATAAATACCRAAAAATCCTTTAAATTTCAC","","II","","","rs58101328",0.019097,NA,NA,NA,NA,"","OpenSea","TGACCGTGCCCTGCAGCCTGGAGCTTTCTGCTAACACTGCCACTCTCGGGTGAGGATGTG[CG]TGAAACCCAAAGGATCCTTCGGCATCCATGCGTGCATGCAGTCTTGGCCCTTTGCCTGGG","GCCAAGACTGCATGCACGCATGGATGCCGAAGGATCCTTTGGGTTTCACG","","","SLC35F3","NM_173508","Body","","","TRUE","","1:234445036-234446485","Unclassified","TRUE"
"cg22709362",0.662174108044809,"chr1",44793580,"+","cg22709362","43799312","","TCAATCTACCTAAATAAACCTAATCCTATCTTAATCACTTATTACTCACC","","II","","",NA,NA,NA,NA,NA,NA,"","OpenSea","CATTTTTCAAACCAATTCAAATATTGCCTTAAGATACACTAGCTGGGGGTGAAGAAATGG[CG]GTGAGTAACAAGTGATCAAGACAGGACCAGGCCCACTCAGGCAGACTGAGAATTCTGGTC","CAGTCTGCCTGAGTGGGCCTGGTCCTGTCTTGATCACTTGTTACTCACCG","","","ERI3","NM_024066","Body","","","TRUE","","1:44793508-44793670","Gene_Associated_Cell_type_specific",""
"cg05979619",0.661725143999056,"chr2",112704577,"-","cg05979619","22630474","","AAACCTACCTAAAACTATAAATAAAAAACTCTTATTTACCAAAACTAAAC","","II","","",NA,NA,NA,NA,NA,NA,"","OpenSea","CTGATTAATACAGACCTGCCTGAGGCTGTAGATAAAGAACTCTTGTTTGCCAAGGCTGGG[CG]CGGTGGCACGCCTGTAATCCCAGCACTTTGGGAGGCCAAGGGGCAAGGATCACTTGAGGT","GACCTGCCTGAGGCTGTAGATAAAGAACTCTTGTTTGCCAAGGCTGGGCG","","","MERTK","NM_006343","Body","","","TRUE","","","","TRUE"
"cg14480116",0.661557768470474,"chr2",65594890,"-","cg14480116","11774510","","TTATACATTCTCTAAAAACACAAACCCTAACTTCATAACTCAATATTAAC","","II","","",NA,NA,NA,NA,NA,NA,"","OpenSea","TGATTGTTTCCTTATGCATTCTCTGAGGACACAAGCCCTGGCTTCATGGCTCAGTGTTAA[CG]TTATGAAGGAGAGGTGACTATACCCAGCTTCCTTACAAGGTTTTGGAAATGCTCCATGAG","CGTTAACACTGAGCCATGAAGCCAGGGCTTGTGTCCTCAGAGAATGCATA","","","SPRED2;SPRED2","NM_001128210;NM_181784","TSS1500;Body","","","","","","",""
"cg19211851",0.660456346617594,"chr2",43555466,"-","cg19211851","16755431","","AAACCAACTAACAAAAACTTATAAAACCTAACTAACTACCAAAACTACTC","","II","","",NA,NA,NA,NA,NA,NA,"","OpenSea","CTGTGCATGCAGGGCCAGCTGGCAGAAGCTTGTAGGGCCTGGCTGGCTACCAGGACTGCT[CG]TTTACCTTGCCCTCCCTGGGGGAGGTGTGACGGCAGAGTTGCATTTTTATGGTATGCCCC","CGAGCAGTCCTGGTAGCCAGCCAGGCCCTACAAGCTTCTGCCAGCTGGCC","","","THADA;THADA","NM_022065;NM_001083953","Body;Body","","","TRUE","","","",""
"cg20739504",0.660172918852209,"chr2",63894458,"+","cg20739504","25704445","","ACTTTACATATAATTTAAAATTCATACCTATCCCCAAAATCTCTACCAAC","","II","","",NA,NA,NA,NA,NA,NA,"","OpenSea","ACACCCATTTATTCGCCATGGGGTGAGGCTGGCATAGGTTTGTCCTCTAGGGCAGAACAG[CG]CTGGCAGAGATCCTGGGGATAGGTATGAACTTCAAACCACATGCAAAGTCATTGCAAAAA","CGCTGGCAGAGATCCTGGGGATAGGTATGAACTTCAAACCACATGCAAAG","","","","","","","","TRUE","","","",""
"cg23907051",0.660053044119101,"chr2",101730305,"+","cg23907051","64739340","","TTTCAAAATTTATTTACAATTTTACAAACTCCCTAAAAAACTCTTCCTAC","","II","","",NA,NA,NA,NA,NA,NA,"","OpenSea","TCCATAGGCTCAAGTTCAAAATAAAAAAACGGTTGCTCTGCGGCGGATTCCGGCTCCTCA[CG]CAGGAAGAGCTCCCCAGGGAGCCTGTAAAACTGCAAACAAATCTTGAAAAGGAATGAGTC","CGCAGGAAGAGCTCCCCAGGGAGCCTGTAAAACTGCAAACAAATCTTGAA","","","TBC1D8","NM_001102426","Body","","","TRUE","","","",""
"cg27243623",0.659345110549271,"chr2",228093069,"-","cg27243623","43636305","","ACTTAAAACAAACACRAACAAAAACRACCCTACAAAAAACAACTCRTAAC","","II","","",NA,NA,NA,NA,NA,NA,"","OpenSea","CATGGTTGGTTGCTTAAGGCAGACACGGGCAGAGGCGGCCCTGCAGAGGACAGCTCGTGG[CG]TCTGTCTGGCACGGTTTGGCTATACTTGGTCAGCTCTTCTTTTCACACACAAAAACTTTC","CGCCACGAGCTGTCCTCTGCAGGGCCGCCTCTGCCCGTGTCTGCCTTAAG","TRUE","","COL4A3;COL4A3;COL4A3;COL4A3","NM_031362;NM_031365;NM_000091;NM_031366","Body;Body;Body;Body","","","","","","",""
"cg02344497",0.659071347623519,"chr3",27472828,"-","cg02344497","59629494","","AAATAATTACCTAAAATTAAATCAACATTTTCCTCATTCTTCTACTCCTC","","II","","",NA,NA,NA,NA,NA,NA,"","OpenSea","TGGAGGATTTTGGATAGTTGCCTGGAGTTAAGTCAACATTTTCCTCATTCTTCTGCTCCT[CG]CCTTTCAGCGCTGCTTCTAAGTCTTCCTCAGGCGGATGAATTACTACTGTGGGAATATCA","GATAGTTGCCTGGAGTTAAGTCAACATTTTCCTCATTCTTCTGCTCCTCG","","","SLC4A7","NM_003615","Body","","","TRUE","","","","TRUE"
"cg02628016",0.658865054753043,"chr3",183382726,"+","cg02628016","59615327","","AACAACTCTAATCCAAATATTTAACTATAAATTATAAATCCAAACATCAC","","II","","",NA,NA,NA,NA,NA,NA,"","OpenSea","TATCATGATAAATTATCGTGTGTGCATTGTTTTGCATTTCAAGGTGGAAGAATCAACAGC[CG]TGATGTCTGGATTTATAACTCACAGTTAAATATTTGGATCAGAGTTGCCTCTCTCAATAA","GCAACTCTGATCCAAATATTTAACTGTGAGTTATAAATCCAGACATCACG","","","KLHL24","NM_017644","Body","","","","","","","TRUE"
"cg10735582",0.658833644833418,"chr3",150140075,"+","cg10735582","31726445","","ACTATCTCCCAATAAATATAATTCACCTCAAATCTAAAAACTAATTCCAC","","II","","",NA,NA,NA,NA,NA,NA,"","OpenSea","GGGGGAGACTATGGAAGTTGCTGAGGAGGAGGGAACAGGTTTGTCAAAAGTTTAAATCCC[CG]TGGAACCAGTCCCTAGATTTGAGGTGAATCATACTTACTGGGAGATAGTCCAGAAGAGCC","CTATCTCCCAGTAAGTATGATTCACCTCAAATCTAGGGACTGGTTCCACG","","","TSC22D2","NM_014779","Body","","","TRUE","","","",""
"cg15472885",0.658807276397284,"chr3",71056608,"-","cg15472885","36625381","","CCRAAAACCACAAATAAATTTAAAACAATTTATAATATCCRACCTCCTTC","","II","","",NA,NA,NA,NA,NA,NA,"","OpenSea","AGGCGTGCAAGCCGAGAGCCACAAATGGGTTTGAAACAATTTATGATATCCGGCCTCCTT[CG]ACATGTATTAGCATATACCTGGTTTCTTTAACATACACTTTGTTTTTCCAAAACCACAAA","CGAGAGCCACAAATGGGTTTGAAACAATTTATGATATCCGGCCTCCTTCG","","","FOXP1","NM_032682","Body","","","TRUE","","","",""
"cg25588740",0.658695916261051,"chr3",178781898,"-","cg25588740","42633397","","ACACATAATACAATCCRACTCTAATATAACCACCATTATTTACAATACCC","","II","","",NA,NA,NA,NA,NA,NA,"","OpenSea","CTGGATTACTGGCACATGATACAGTCCGGCTCTAGTGTAACCACCATTGTTTACAATACC[CG]AGGCAATTTGAAACTCCACGATTTCAACAATGGCATCAACTGACTAAAAAGTTTTGAGTA","CGGGTATTGTAAACAATGGTGGTTACACTAGAGCCGGACTGTATCATGTG","","","ZMAT3;ZMAT3","NM_022470;NM_152240","Body;Body","","","TRUE","","","",""
"cg26400275",0.658638182029912,"chr3",29494928,"-","cg26400275","59689395","","TTCAAACCTAATACCAACCTAATAACTACATACCAAAATTACTATTTAAC","","II","","",NA,NA,NA,NA,NA,NA,"","OpenSea","AACTGCAGCATTTCAGACCTGGTGCCAGCCTAATGGCTACATGCCAAGATTACTATTTGG[CG]ACAAGCAGCCAGACAAGCAGCTGGTTATTGCAGCGAATCCGAGCAGTGTGCCTGAGGCCA","CGCCAAATAGTAATCTTGGCATGTAGCCATTAGGCTGGCACCAGGTCTGA","","","RBMS3;RBMS3;RBMS3","NM_001003792;NM_001003793;NM_014483","Body;Body;Body","","","TRUE","","","",""
"cg00171729",0.658581984945562,"chr6",52416856,"+","cg00171729","55784400","","TATAACCCAAAACCTACTTATCAACACRTAACTAAAATTTCCRTATTAAC","","II","","",NA,NA,NA,NA,NA,NA,"","OpenSea","GAAGGCTCAGCGTGATCAGACAACACGGACACTTGATCTTCTGAGATCCCAATTTGGGAA[CG]TTAACACGGAAACCCTAGCCACGTGCTGACAAGCAGGCCCTGGGCCACATTCTGCCCCAG","GTGGCCCAGGGCCTGCTTGTCAGCACGTGGCTAGGGTTTCCGTGTTAACG","","","TRAM2","NM_012288","Body","","","TRUE","","6:52416465-52417014","Unclassified_Cell_type_specific",""
"cg06023161",0.6584972243719,"chr6",31590572,"-","cg06023161","23690450","","AAAATACCTACAAAACCCAACATACTCAATAAACTTCCAACRCAATATCC","","II","","",NA,NA,NA,NA,NA,NA,"chr6:31587779-31589024","S_Shore","ACGTTTTGGGGGAGGTGCCTGCAGGACCCAACATACTCAATGAGCTTCCAGCGCAATGTC[CG]ATCGCTCGGGGCCGACTGCCAAGGGAAAGGATGGAAAGAAGTATTCCTCGCTCAACCTGT","CGGACATTGCGCTGGAAGCTCATTGAGTATGTTGGGTCCTGCAGGCACCT","","","SNORA38;BAT2","NR_002971;NM_080686","TSS1500;Body","low-CpG:31698447-31698629","","","","","",""
"cg08500171",0.65832034096005,"chr6",31590674,"-","cg08500171","57676314","","TCAACCTATTTAATACRTATAAAAACAAATCCTTAAAAATCCAAAAACCC","","II","","",NA,NA,NA,NA,NA,NA,"chr6:31587779-31589024","S_Shore","GTATTCCTCGCTCAACCTGTTTGATACGTATAAGGGCAAGTCCTTAGAGATCCAGAAACC[CG]CTGGTGAGAGTCCTGCAAAGATGCTTCTGATGGTTGAAAGCTAGGCATGCATGGGGCATA","CGGGTTTCTGGATCTCTAAGGACTTGCCCTTATACGTATCAAACAGGTTG","","","BAT2;SNORA38","NM_080686;NR_002971","Body;TSS200","","","","","","",""
"cg09981198",0.657864204845946,"chr6",10316831,"+","cg09981198","35792420","","TACAAACATCAAATAAAAATAACAAATCACACAATAAAAAACRAATCTCC","","II","","",NA,NA,NA,NA,NA,NA,"chr6:10319681-10320045","N_Shelf","TGCGCCTCTCGACCAAAGAGGCACGCACTGGGCATGTGCGGCCCCGGGCGCAGGAGAAGC[CG]GAGATCCGTCCTCTACTGTGTGACTTGTTATTTTTATCTGATGCTTGCATTCTCGGGCCA","GCAAGCATCAGATAAAAATAACAAGTCACACAGTAGAGGACGGATCTCCG","","","","","","","","TRUE","","","","TRUE"
"cg15314855",0.65758769007302,"chr6",116879209,"-","cg15314855","21631506","","TAATACATCRCATAAAAAAACTATTTAACTTCATTCCCRAAAATAAAAAC","","II","","",NA,NA,NA,NA,NA,NA,"","OpenSea","TCGGCTCCTCATGATGCATCGCATAAAGAAGCTATTTGGCTTCATTCCCGGGAGTGAAGA[CG]TCAAACACATCCGCATTCCTTCTTGTCAGGACTGGAAAGATATTTCAGTACCCACTCTTT","CGTCTTCACTCCCGGGAATGAAGCCAAATAGCTTCTTTATGCGATGCATC","","","FAM26D","NM_153036","Body","","","","","","","TRUE"
"cg16699385",0.657360409958508,"chr6",138427309,"+","cg16699385","28624495","","AATCTATAAAAACCTAATAAAACCTTAAAACCAAATAAACTTTACCTACC","","II","","",NA,NA,NA,NA,NA,NA,"chr6:138428188-138428816","N_Shore","AATAGTAAGAAATGAAAACAGGCAGGGTAGCTTGCTGTCTGTGTTTAAAACTATTAAACC[CG]GTAGGTAAAGCCCATTTGGCTTTAAGGTTTTATTAGGCTCTCACAGACCCCATCTCCACC","GTCTGTGAGAGCCTAATAAAACCTTAAAGCCAAATGGGCTTTACCTACCG","","","PERP","NM_022121","Body","","RDMR","","","","",""
"cg19883472",0.657329008607987,"chr6",7532666,"+","cg19883472","11699453","","AAACAATTCTATCTTACAAAAATAAATATAAAACRACACACTTCACTCTC","","II","","",NA,NA,NA,NA,NA,NA,"","OpenSea","TTCCACCTGAAGCCAAACTGCTAAGCAGTTAAAACTCAAGGAGCCGTCGGACAGGTTTAA[CG]AGAGTGAAGTGTGCCGCTCCACACCCACCTTTGCAAGACAGAACTGCTTCACGGGTTTGA","CGAGAGTGAAGTGTGCCGCTCCACACCCACCTTTGCAAGACAGAACTGCT","","","","","","","","TRUE","","","",""
"cg20976787",0.656689166431796,"chr6",43064460,"-","cg20976787","47711480","","CTACTACCCTAAATATACAAAAATCTACCTAAACTAACCTAAACACCTAC","","II","","",NA,NA,NA,NA,NA,NA,"","OpenSea","CCTGCCTTTTGCTGCTGCCCTGGGTGTGCAGGGGTCTGCCTGGGCTAGCCTGGGCACCTG[CG]GCTGTGCTGGGCCAGCCTGCCTGCCTGTCCGGTAGGGCCCTGCCTGAGCTGGGCTGTCAG","TGCTGCCCTGGGTGTGCAGGGGTCTGCCTGGGCTAGCCTGGGCACCTGCG","","","PTK7;PTK7;PTK7;PTK7","NM_002821;NM_152881;NM_152882;NM_152880","Body;Body;Body;Body","","","TRUE","","6:43064384-43064488","Unclassified_Cell_type_specific","TRUE"
"cg24601480",0.656607848923247,"chr6",138814716,"+","cg24601480","30640503","","ACTCCTAAACAACAAAACACTACATAATCTAACTTATAAAAAACRCTTTC","","II","","","rs148865204",0.0101,NA,NA,NA,NA,"","OpenSea","TTTCCTGGAGAGTGATCAAAAACAGTCGAGCCTGACTATTCAAACTCACACATACCTTCA[CG]AAAGCGTTTTCTACAAGCCAGACCATGTAGTGCTCTGTTGCTTAGGAGCTGGGCAGAGAA","CTCCTAAGCAACAGAGCACTACATGGTCTGGCTTGTAGAAAACGCTTTCG","","","NHSL1;NHSL1","NM_001144060;NM_020464","Body;Body","","","TRUE","","","",""
"cg25737224",0.656604701481609,"chr6",72926121,"-","cg25737224","45678364","","TAACAAAACCTATTTAAAATTATCCTTTTACCCTCTAAAAATAAACCACC","","II","","",NA,NA,NA,NA,NA,NA,"","OpenSea","CCCCAGCTCTCTGGCAAAACCTGTTTGAGGTTGTCCTTTTGCCCTCTGGAGATGAGCCAC[CG]TTAGCACTAGGCTGGCCGTACCAGAAAAGCCTGAAGAAGCACTTTTGCCTGTGTTCCCAA","CGGTGGCTCATCTCCAGAGGGCAAAAGGACAACCTCAAACAGGTTTTGCC","","","RIMS1;RIMS1;RIMS1;RIMS1;RIMS1","NM_001168410;NM_001168409;NM_001168407;NM_014989;NM_001168408","TSS1500;TSS200;Body;Body;Body","","","","","","",""
"cg07830472",0.656529653057634,"chr7",97983916,"+","cg07830472","66628462","","CTCTCTTAACCCTTACCTCTTCCCTAATTACTTTCAACTATAATTTTTCC","","II","","",NA,NA,NA,NA,NA,NA,"","OpenSea","CTGCCCAGGGTGTAACCGCCCTCTCTGCCTGCACAGGAGAGCGATTCATACCAGCAGAAC[CG]GAAAAATCACAGCTGAAAGCAACCAGGGAAGAGGCAAGGGCCAAGAGAGCAATGTAAAGG","TCTCTTGGCCCTTGCCTCTTCCCTGGTTGCTTTCAGCTGTGATTTTTCCG","","","BAIAP2L1","NM_018842","Body","","","TRUE","","","","TRUE"
"cg09502464",0.656209820099872,"chr7",92546307,"-","cg09502464","44790311","","TAAAATCATACCAACCTAATCTATATTAAAATACTTAAAATATAAAAACC","","II","","",NA,NA,NA,NA,NA,NA,"","OpenSea","TCAGTAAACAGTAGAATCATGCCAACCTAATCTGTGTTAAAATGCTTGGAATGTGGGAGC[CG]CTGATGATGCCTCTTGTCTGTGTGTCTGACTGAATCCTTTCTTTTCTCAGAGCAGCAAAG","CGGCTCCCACATTCCAAGCATTTTAACACAGATTAGGTTGGCATGATTCT","","","","","","","","TRUE","","","",""
"cg09832443",0.656136203503855,"chr7",28612680,"+","cg09832443","54765500","","CACTAATAAAATAAATTAAATTATTTCTTACTAAATCTCCAAAATCATCC","","II","","",NA,NA,NA,NA,NA,NA,"","OpenSea","CATGTTGATTCAAACCCACACATCTTGTCGTTTCCATTTTTCTCCATCCAAAACCTTGCC[CG]GATGATCCTGGAGACTCAGCAAGAAATAACCCAACCCATCTCACCAGTGGATTCAGTATG","ACTGGTGAGATGGGTTGGGTTATTTCTTGCTGAGTCTCCAGGATCATCCG","","","CREB5;CREB5;CREB5","NM_004904;NM_182899;NM_182898","Body;Body;Body","","","TRUE","","","",""
"cg12813108",0.655965965376873,"chr7",99719912,"-","cg12813108","39610316","","CRTTTCTCCTCCCCACCAATATATAAACTACTAAACACAAAACTACAAAC","","II","","",NA,NA,NA,NA,NA,NA,"","OpenSea","CTCCCCCCGGACGTTTCTCCTCCCCACCAGTGTGTAAGCTGCTGAGCACAGAGCTACAGG[CG]GAACTGAGTCGCACCGGTCGATCTCGAGAGGTGCTGGAGCTGGGGCAGGTGCTGGATACA","CGCCTGTAGCTCTGTGCTCAGCAGCTTACACACTGGTGGGGAGGAGAAAC","","","CNPY4","NM_152755","Body","","","","","","",""
"cg15730857",0.655937564230817,"chr7",116592968,"-","cg15730857","56756303","","TTACTAAATAAAATAATTTATCTTCAAACCTACTAACCRACRACAAAAAC","","II","","",NA,NA,NA,NA,NA,NA,"chr7:116593880-116594325","N_Shore","CCACCCAAATCTTGCTGAATAGAGTGATTTATCTTCAGGCCTACTAGCCGGCGACAGGAG[CG]CACCTCCTCCCTTCTCCTAGCTGTCCCGGGTTTATTCATTCCCTGAGCCTGAATCCTGAT","TGCTGAATAGAGTGATTTATCTTCAGGCCTACTAGCCGGCGACAGGAGCG","","","ST7OT4;ST7OT1;ST7;ST7","NR_002329;NR_002330;NM_021908;NM_018412","TSS1500;Body;TSS1500;TSS1500","","CDMR","","","7:116592906-116594586","Promoter_Associated",""
"cg15983182",0.655923458790503,"chr7",73474232,"-","cg15983182","34694375","","TTAATTAATAATCAACTCTTCTCAATCTTACAAAATTAATTCCTAATATC","","II","","",NA,NA,NA,NA,NA,NA,"","OpenSea","TTGATCAGGTCTTGGTTAATGATCAGCTCTTCTCAATCTTGCAGGGTTAGTTCCTGGTGT[CG]GCGTGGCTCCTGGAGTTGGCGTGGCTCCTGGTGTCGGTGTGGCTCCTGGAGTTGGCTTGG","TGGTTAATGATCAGCTCTTCTCAATCTTGCAGGGTTAGTTCCTGGTGTCG","","","ELN;ELN;ELN;ELN;ELN","NM_001081753;NM_000501;NM_001081755;NM_001081754;NM_001081752","Body;Body;Body;Body;Body","low-CpG:73112133-73112186","","","","","","TRUE"
"cg17787108",0.655855472761077,"chr7",73246044,"+","cg17787108","44793403","","CRAAATAAACAATTACAACAAAACAACCCCCCRCCAAAAAACAACAAACC","","II","","",NA,NA,NA,NA,NA,NA,"chr7:73245434-73246045","Island","GGTGGCCTCCGGGCAGAAGCGGGAGATGGGTGCCTCGCTCTACGTCGGCTGGGCCGCCTC[CG]GCCTGCTGCTCCTTGGCGGGGGGCTGCTTTGCTGCAACTGTCCACCCCGCACAGACAAGC","CGGCCTGCTGCTCCTTGGCGGGGGGCTGCTTTGCTGCAACTGTCCACCCC","","","CLDN4","NM_001305","1stExon","","","TRUE","7:72883375-72883981","","",""
"cg21540035",0.655647059004033,"chr7",99612715,"+","cg21540035","39743490","","CTCTCAAAACCCTAAAACTATATAAAATAATATTTTCAAATACTTAACCC","","II","","",NA,NA,NA,NA,NA,NA,"chr7:99613104-99613797","N_Shore","CATGAGCAAAGCACAGAACCTTATAACTATGCTTGCTTGTGGAAAGACATCCCTTGTCCA[CG]GGCCAAGTATTTGAAAATACCACTCCATATAGCTCCAGGGCCCTGAGAGAAGCTACCGTG","CGGGCCAAGTATTTGAAAATACCACTCCATATAGCTCCAGGGCCCTGAGA","","","ZKSCAN1","NM_003439","TSS1500","","","","","7:99612594-99614247","Promoter_Associated",""
"cg22493616",0.655467213027315,"chr7",100400274,"-","cg22493616","41642326","","ATACAAAAAATTACTTTTTTAAATATAATTTAAAAACCCCTCCAAACACC","","II","","",NA,NA,NA,NA,NA,NA,"","OpenSea","TTCTTTTATTTATACAAAAAGTTACTTTTTTAAATATAATTTAAGAACCCCTCCAAGCAC[CG]GCGTCCGTTTCTGGGTTCCACCACCAACTACCGCCCTTTTCACTACCTCACCCCACACCC","TACAAAAAGTTACTTTTTTAAATATAATTTAAGAACCCCTCCAAGCACCG","","","EPHB4","NM_004444","3'UTR","","","TRUE","","","","TRUE"
"cg05576619",0.655330449826502,"chr10",17391003,"-","cg05576619","23633489","","AATTAATTTTCAAAAAATTCAAAACRATTCCTAATTAAACCTCAAAACAC","","II","","",NA,NA,NA,NA,NA,NA,"","OpenSea","GTACTCGAGCTGATTAATTTTCAGGGAATTCAGAGCGATTCCTGATTAGACCTCAGAGCA[CG]TGGTTTGACCGGCCATCTGGAAAGGGAGGGACAAGCCACAGACAGTTCATATAAAGGTAA","CGTGCTCTGAGGTCTAATCAGGAATCGCTCTGAATTCCCTGAAAATTAAT","","","ST8SIA6","NM_001004470","Body","","","TRUE","","","","TRUE"
"cg10198568",0.654931694358141,"chr10",13750689,"+","cg10198568","23752348","","ATCAAACAAAACCATAAAACCTAAATCTATATATTTTAATAATAAACTCC","","II","","",NA,NA,NA,NA,NA,NA,"","OpenSea","AATGGCCCAAAGCTCTATGTTGGCTGACAGCTTTGTGTCAGAGATTCAACAGCGCCTTAG[CG]GAGTCTATTACTAAAATACACAGACCCAGGTCTCATGGTCCTGTCTGATGCTTGGCCACT","CGGAGTCTATTACTAAAATACACAGACCCAGGTCTCATGGTCCTGTCTGA","","","FRMD4A","NM_018027","Body","","","TRUE","","","",""
"cg24289314",0.654755508572843,"chr10",126106425,"-","cg24289314","41604398","","TAATCATTTCTTAAAATAAAACCACTTCATTCCAAAATCACTATCTATTC","","II","","",NA,NA,NA,NA,NA,NA,"chr10:126106818-126107862","N_Shore","AAACTGAACATTAGTCATTTCTTAAGGTAAAGCCACTTCATTCCAAAGTCACTGTCTGTT[CG]CCCTTAATTTATCACCGTAATTTATCTAAGAGGTAAAACTGAACACCGAAAAGGTAAGAT","AGTCATTTCTTAAGGTAAAGCCACTTCATTCCAAAGTCACTGTCTGTTCG","","","OAT","NM_000274","5'UTR","","CDMR","","","","",""
"cg24958342",0.654016324164544,"chr10",22375787,"+","cg24958342","36740510","","TTTATTTAAACTTTACTAATCTCCCAAAAACCCRACTCATATTTCAACCC","","II","","",NA,NA,NA,NA,NA,NA,"","OpenSea","TCCTGGCTTGTCTCACTATGAGGCAAACAGTGGCCCCAGGCCAAGGACGCTGCATGCTCT[CG]GGCTGAAATATGAGCCGGGCTCCTGGGAGACCAGCAAAGCCTAAACAAACATCTGGGCCC","CGGGCTGAAATATGAGCCGGGCTCCTGGGAGACCAGCAAAGCCTAAACAA","","","","","","","","TRUE","","","","TRUE"
"cg03998264",0.653921107605318,"chr12",53932355,"+","cg03998264","17700311","","TTCAATATCAAAACCATTATCTCAAATAATTTATTATTCCCTACAAAACC","","II","","",NA,NA,NA,NA,NA,NA,"","OpenSea","GGAAAGAGAGCACTTTCCTGGCAGTGATGCAATCACCTCACAGAACTGTGGAGCTGTAAA[CG]GCCTTGCAGGGAACAATAAACCATCTGAGATAATGGCCTTGACACTGAACCAGGATAGGA","CGGCCTTGCAGGGAACAATAAACCATCTGAGATAATGGCCTTGACACTGA","","","ATF7;ATF7;ATF7","NM_006856;NM_001130060;NM_001130059","Body;Body;Body","","","TRUE","","","",""
"cg16773162",0.653639359981312,"chr12",107039145,"+","cg16773162","65747315","","CCCACCCAAAAAACRTACAAAAAACTCTAAATAAAAACRACAAAAATAAC","","II","","",NA,NA,NA,NA,NA,NA,"","OpenSea","GTTCCGCAGTCCCGGCCTACTTGCTGCCAACACATGCCCCCTCCGTGCCCCGCCCTCGCC[CG]CCACCCTTGCCGCCCTTACCCAGAGCTCCTTGTACGCCTTCTGGGTGGGGACGTTTTCCC","CCACCCAGAAGGCGTACAAGGAGCTCTGGGTAAGGGCGGCAAGGGTGGCG","","","RFX4;RFX4","NM_002920;NM_213594","Body;Body","","","TRUE","12:105563147-105563276","","",""
"cg20054420",0.652892880990036,"chr12",22590199,"-","cg20054420","11774415","","CCTATCTCRCCCTACACCTAAAAACAAACTCRAACTATTATAATAAACAC","","II","","","rs117440862",0.013021,NA,NA,NA,NA,"","OpenSea","AAGTTTTCAAGCCTGTCTCGCCCTGCACCTGGAAACAGACTCGGACTGTTGTGGTAGGCA[CG]GTGGGAGTGAGACTGGCCCTTTGGTTTGTGTGAGAGCTGGGTGAGGTCTGTGACTGCCGG","CTGTCTCGCCCTGCACCTGGAAACAGACTCGGACTGTTGTGGTAGGCACG","","","","","","","","","","","",""
"cg24407260",0.652330121005028,"chr12",22590113,"+","cg24407260","17741453","","CAAAACRAAACAAACTTAAAAACTTACCCRAAACTTTCTATCTCCTAACC","","II","","","rs117440862",0.013021,NA,NA,NA,NA,"","OpenSea","GGTACAAATCTGGCTTGCAGACTTCACAGGCAGGGGAAGAACTAAAGCTCTTTTCTTTCG[CG]GCTAGGAGACAGAAAGCCTCGGGCAAGTTTTCAAGCCTGTCTCGCCCTGCACCTGGAAAC","CGGCTAGGAGACAGAAAGCCTCGGGCAAGTTTTCAAGCCTGTCTCGCCCT","","","","","","","","","","","",""
"cg16163847",0.652231505466821,"chr13",52165356,"+","cg16163847","40698509","","ACATAAAATACTAACAATTTCACACAAACATACTACTTTTTCCCTAATAC","","II","","",NA,NA,NA,NA,NA,NA,"","OpenSea","GTGACTAGATAAGTAGTCTCTGCAACCATATCATCCTAAAATCTCAAGTGGAGGAAAGCA[CG]CATTAGGGAAAAAGCAGCATGCTTGTGTGAAACTGTCAGCACCTCATGTTGCAACTGTAA","CGCATTAGGGAAAAAGCAGCATGCTTGTGTGAAACTGTCAGCACCTCATG","","","WDFY2","NM_052950","Body","","","TRUE","","","",""
"cg06857473",0.651738034345578,"chr14",77780454,"-","cg06857473","36769307","","TCATATTTCCTCCTAACTTTTATTACTTATATTAAAAAAAACAATCCTCC","","II","","","rs75264088",0.041703,NA,NA,NA,NA,"","OpenSea","AGTTGTAACATTCATATTTCCTCCTGGCTTTTATTGCTTGTGTTAGGAGAGACAGTCCTC[CG]TGGCTCTCTTGTGCTCCTCCAGGCCTTGCAAGGTATGCCAAGAATGCTGTTTGCAGTAAA","CGGAGGACTGTCTCTCCTAACACAAGCAATAAAAGCCAGGAGGAAATATG","","","POMT2","NM_013382","Body","","","TRUE","","","",""
"cg04384112",0.651522480791456,"chr16",75339383,"+","cg04384112","56720483","","TAAACTAAAAATTAAACCTTAACATATAACTCCAAAACCCTACCTAAAAC","","II","","",NA,NA,NA,NA,NA,NA,"","OpenSea","TCTTCAGACCTCTGTGGGCTCTGTGTGGCAGGTCTCTGCTTGCAAGGAGGGGAGGAGCAG[CG]CTTCAGGCAGGGCTTTGGAGTCACATGCCAAGGTCCAACTTCCAGCTTAACTGTGTGACT","AAGCTGGAAGTTGGACCTTGGCATGTGACTCCAAAGCCCTGCCTGAAGCG","","","CFDP1","NM_006324","Body","","","TRUE","","16:75338564-75339495","Unclassified","TRUE"
"cg04813834",0.651458099080384,"chr16",81434930,"+","cg04813834","24637300","","AATAAAAAATTAAACAAAAATCACTAAACTCCCRCCACRAACATAAATCC","","II","","",NA,NA,NA,NA,NA,NA,"chr16:81437204-81437542","N_Shelf","AGACTCATGTTTATCATCCTTTCCGGGAGAGGGATTCAAGAAACTTGGCAGGGGTGAGCC[CG]GATCCATGCCCGTGGCGGGAGCTCAGTGACCTCTGCTCAACCCCCTATCCTTGCTAGACC","ATAGGGGGTTGAGCAGAGGTCACTGAGCTCCCGCCACGGGCATGGATCCG","","","","","","","","","","","","TRUE"
"cg05006942",0.651394858887685,"chr16",69776039,"-","cg05006942","64775386","","TTATTCTTTCTATTTTTATACAATTACACTTCCTTAACAAACAACCAAAC","","II","","",NA,NA,NA,NA,NA,NA,"chr16:69776088-69776394","N_Shore","GCTCCAGGGCGTTGTTCTTTCTGTTTTTATGCAATTGCACTTCCTTGGCAGGCAGCCAGG[CG]CTCCGGTGCTCACAGGCCATGGGACAGTCCAGTTCCCTGCAGACCCAGCGGGGCATGGGC","CGCCTGGCTGCCTGCCAAGGAAGTGCAATTGCATAAAAACAGAAAGAACA","","","NOB1","NM_014062","3'UTR","","","","16:68333540-68334164","","","TRUE"
"cg04300159",0.651085643220317,"chr17",16281514,"-","cg04300159","13743396","","TATACCAAATTACCAAATTCCTAATCTTAAATTACCAAATAACCTACTTC","","II","","",NA,NA,NA,NA,NA,NA,"chr17:16283927-16284768","N_Shelf","GTGCCAAGTATTGTGCCAGATTACCAAATTCCTAATCTTAGGTTACCAAATGACCTACTT[CG]GGAAAACATTGAACCAGGAGCCTGTATAACTAACTTACAGTTCTGGCAACTGCTAGAACT","GTGCCAGATTACCAAATTCCTAATCTTAGGTTACCAAATGACCTACTTCG","","","","","","","","","","","",""
"cg14281612",0.650932554772343,"chr17",11786105,"+","cg14281612","31779322","","CAAAAACTTTACAATTATTTAAAAATTAACTCAAATACCAACTCCTCACC","","II","","",NA,NA,NA,NA,NA,NA,"","OpenSea","AACAGGGTAATACTGGAAAGCCAGAGGGCAAATTTAAACAGTGGTGGTCAGAAAAAGATT[CG]GTGAGGAGTTGGCATCTGAGCTAATTCCTAAATAATTGTAAAGCCTCTGGGCATAGAGCA","CGGTGAGGAGTTGGCATCTGAGCTAATTCCTAAATAATTGTAAAGCCTCT","","","DNAH9;DNAH9","NM_004662;NM_001372","TSS200;Body","","","","","","",""
"cg21473814",0.650924601273064,"chr19",18873268,"+","cg21473814","67735325","","CTATCTTCCTTCCTAAAAAAACTCACRTTCTAACTAACRAATAAACTTAC","","II","","",NA,NA,NA,NA,NA,NA,"chr19:18873019-18873349","Island","CTTTTAAATCAAGCCGAGCTGCCGGCCCCTGGCACACACGAAGGTGGCCCCCTCCCTCCT[CG]CAAGCCCACCCGCCAGTCAGAACGTGAGCTCCCTCAGGAAGGAAGACAGAGGCCTTCGCG","CGCAAGCCCACCCGCCAGTCAGAACGTGAGCTCCCTCAGGAAGGAAGACA","","","CRTC1;CRTC1","NM_015321;NM_001098482","Body;Body","","","","19:18734020-18734281","","","TRUE"
"cg08152198",0.650864651539405,"chr21",46087026,"-","cg08152198","32668490","","TCTCTAAATTTTATTTAACCCTTAACTTCATAACTAATTACACCTTCTTC","","II","","",NA,NA,NA,NA,NA,NA,"","OpenSea","TGTTGTAGGTGTCTCTGGGTTTTGTTTGGCCCTTAGCTTCATGACTAATTGCACCTTCTT[CG]AACTCTTGGTATGCTTGGAAACCTGCCAGAGTGTTTTACTGGCTTCATCAAGATTCTTCC","CTCTGGGTTTTGTTTGGCCCTTAGCTTCATGACTAATTGCACCTTCTTCG","","","C21orf29;KRTAP12-2","NM_144991;NM_181684","Body;TSS200","","","","","","",""
