"","Name","AddressA","AddressB","ProbeSeqA","ProbeSeqB","Type","NextBase","Color","chr","pos","strand","hg19_start","hg19_end","Br_myo_H3K4me1","Br_myo_H3K4me3","Br_myo_H3K9ac","Br_myo_H3K9me3","Br_myo_H3K27me3","Br_myo_H3K36me3","HMEC_H3K4me1","HMEC_H2A.Z","HMEC_H3K4me2","HMEC_H3K4me3","HMEC_H3K9ac","HMEC_H3K9me3","HMEC_H3K27ac","HMEC_H3K27me3","HMEC_H3K36me3","HMEC_H3K79me2","HMEC_H3K20me1","HMEC_SuperEnhancer","MCF7_SuperEnhancer"
"cg02582848","cg02582848",22728469,37756404,"CTCTACTAAAAAAAAATTTTCCATCAAACTTTACAAAAACACAAATAACA","CTCTACTAAAAAAAAATTTTCCATCAAACTTTACGAAAACGCAAATAACG","I","T","Red","chr1",224075899,"-",224075899,224075900,0,0,0,0,0,0,0,1,1,0,0,0,0,1,0,0,0,0,0
"cg18770052","cg18770052",11745310,17672415,"AAAAACACAACACAAAATATAAAAACACAACATAAAATATAAAAAACACA","AAAAACGCGACACGAAATATAAAAACGCAACATAAAATATAAAAAACGCG","I","A","Red","chr1",5661886,"-",5661886,5661887,0,0,0,0,1,0,0,0,0,0,0,0,0,0,0,0,0,0,0
"cg24348240","cg24348240",55785393,21727432,"ACTCATACTATTTCCTAAACCCTAATAACACATACTCCCTCCCAAACACA","ACTCATACTATTTCCTAAACCCTAATAACACATACTCCCTCCCGAACACG","I","C","Grn","chr1",26611453,"-",26611453,26611454,0,1,0,0,0,0,0,1,1,1,0,0,0,1,0,0,0,0,0
"cg26524353","cg26524353",62726446,48759446,"CCAAAAATAACAAAACCCAAAAAACACTAAAAAAACTCTCTTACTCCACA","CCGAAAATAACAAAACCCAAAAAACACTAAAAAAACTCTCTTACTCCGCG","I","C","Grn","chr1",33352589,"-",33352589,33352590,0,0,0,0,1,0,0,0,0,0,0,0,0,0,1,0,0,0,0
"cg09392940","cg09392940",24730432,13695382,"CCAACTAATAACCCAATACTAAAACTATAACAATACAAAATAACTCACCA","CCGACTAATAACCCGATACTAAAACTATAACGATACGAAATAACTCACCG","I","A","Red","chr2",109745828,"+",109745828,109745829,1,1,1,0,0,0,1,0,1,1,1,0,0,0,1,0,0,0,0
"cg15987088","cg15987088",42732312,10702510,"AAACATCACATTCCACATACTACCAACTCAACTAAACAAACTCTAAAACA","AAACGTCGCGTTCCACATACTACCGACTCAACTAAACAAACTCTAAAACG","I","T","Red","chr3",172166234,"-",172166234,172166235,1,0,0,0,1,0,0,0,0,0,0,0,0,0,1,0,0,0,0
"cg18424634","cg18424634",40697351,30770434,"AAAACAAAAAAAATACAAACACACCAATAAACACCAACATCAACAACACA","AAAACGAAAAAAATACGAACGCACCAATAAACGCCAACGTCGACAACACG","I","T","Red","chr3",147127097,"-",147127097,147127098,0,0,0,0,1,0,0,0,0,0,0,0,1,0,1,0,0,0,0
"cg13956645","cg13956645",34774328,57699319,"AAAACCAAAATCCCAAACACTAACAACACATTCAAAAAACACCAAAAACA","AAAACCAAAATCCCAAACACTAACAACACATTCGAAAAACGCCGAAAACG","I","C","Grn","chr4",757385,"-",757385,757386,1,0,1,0,0,1,0,0,0,0,0,0,0,0,0,0,0,0,0
"cg23684249","cg23684249",73626390,15685413,"CAACAAAAACTACACTACAAATTCCACAAACCAAAAATCAACATAATACA","CGACAAAAACTACACTACGAATTCCGCAAACCGAAAATCAACATAATACG","I","C","Grn","chr4",42399858,"+",42399858,42399859,1,1,0,0,1,0,0,0,0,1,0,0,0,0,1,0,0,0,0
"cg01221209","cg01221209",32691484,61761424,"TTAAAAACTAAATCACAAAATAAACCAAAAAATAAATCACAAAATAAACA","TTAAAAACTAAATCACGAAATAAACCGAAAAATAAATCACGAAATAAACG","I","A","Red","chr5",554886,"-",554886,554887,0,0,0,0,0,0,0,0,0,0,0,0,0,0,0,0,0,0,0
"cg11549953","cg11549953",39661313,34732490,"ACACTAACAAATCAATTTTCCAATAACAACAACACTAATTAATCTACACA","ACACTAACGAATCAATTTTCCGATAACGACGACGCTAATTAATCTACACG","I","A","Red","chr5",43018282,"-",43018282,43018283,0,1,0,1,1,0,1,0,1,1,0,0,1,0,0,0,0,0,0
"cg00601836","cg00601836",39704510,15704489,"CACCCAAAAAAAATACCCCAAAATAACATACAAATCAACCAAAATCTACA","CACCCGAAAAAAATACCCCGAAATAACGTACGAATCAACCAAAATCTACG","I","C","Grn","chr6",152130332,"-",152130332,152130333,1,1,0,0,1,0,0,1,1,1,0,0,0,0,1,0,0,0,0
"cg10903903","cg10903903",73608453,60784481,"AAAAAATCTCACAAACAACATAAACACTACACTAATTCCAAAAATAATCA","GAAAAATCTCGCAAACGACGTAAACACTACGCTAATTCCAAAAATAATCG","I","A","Red","chr6",27647843,"-",27647843,27647844,0,0,0,0,1,0,1,0,1,0,1,0,0,0,0,0,0,0,0
"cg13578160","cg13578160",67712382,70778385,"TAACATTTAATACATTAACATCCTTCCAAAACTTACATTAACTTTCCCCA","TAACGTTTAATACGTTAACATCCTTCCGAAACTTACGTTAACTTTCCCCG","I","A","Red","chr7",72813978,"+",72813978,72813979,1,1,1,0,0,0,1,0,0,1,1,0,0,0,0,0,0,0,0
"cg02639285","cg02639285",35653497,51717348,"AATAACCTCTTATCAAAACAAACAACTATAAATAACACTCACATCCACCA","AATAACCTCTTATCAAAACGAACAACTATAAATAACGCTCACATCCGCCG","I","C","Grn","chr8",91658767,"-",91658767,91658768,1,1,1,0,0,0,1,0,1,1,1,1,0,1,0,0,0,0,0
"cg03301200","cg03301200",51612399,65673349,"AATAAAAAAAAATCAACAAACTCCAACTTTAAAAAATACCACATAACCCA","AATAAAAAAAAATCGACGAACTCCAACTTTAAAAAATACCGCGTAACCCG","I","A","Red","chr8",99954557,"+",99954557,99954558,1,1,0,0,1,0,1,1,1,1,0,0,0,0,1,0,0,0,0
"cg04242021","cg04242021",58661351,14628347,"AAAAAACCCACCAACAACCAATTATAAAACAAAAAATAACCACAAAAACA","AAAAAACCCGCCGACAACCAATTATAAAACGAAAAATAACCGCGAAAACG","I","A","Red","chr8",121137288,"+",121137288,121137289,0,1,0,0,0,0,1,1,0,1,1,0,0,0,0,0,0,0,0
"cg19497517","cg19497517",35737303,51733477,"TTCTAAACATAACTCATTACAATAAACTCAAAAAACTATAAAATAAACCA","TTCTAAACATAACTCGTTACAATAAACTCGAAAAACTATAAAATAAACCG","I","A","Red","chr8",145028257,"+",145028257,145028258,0,0,0,0,0,0,0,0,0,0,0,0,0,0,0,0,1,0,0
"cg21899374","cg21899374",24650466,57634453,"ACATAAATATTATTACAACTTCATTACCACACATCTCAAAAAAAAACACA","ACATAAATATTATTACAACTTCATTACCACACGTCTCAAAAAAAAACACG","I","A","Red","chr8",144915517,"+",144915517,144915518,0,0,0,0,0,0,0,0,0,0,0,0,0,0,0,0,0,0,0
"cg13125506","cg13125506",65751405,42645452,"AAAAAAACAAAAACATAAAAAACAATAATAAACACACAAACACACATACA","AAAAAAACAAAAACGTAAAAAACAATAATAAACACACAAACGCGCGTACG","I","C","Grn","chr9",68299110,"-",68299110,68299111,0,1,0,1,1,0,0,0,0,0,0,0,0,0,0,0,0,0,0
"cg02174092","cg02174092",15664467,72608378,"TAACAAAAAAAACCATCACAATACCAAAACAAATTAAAATAAAATTCACA","TAACAAAAAAAACCGTCGCGATACCGAAACGAATTAAAATAAAATTCGCG","I","A","Red","chr10",43846539,"+",43846539,43846540,0,1,0,0,1,0,0,0,0,0,0,0,0,0,0,0,0,0,0
"cg07675184","cg07675184",67760423,38612475,"ACCACCTTACTATAACACAAATTTCCAATAAAACCCAAACAAATTCCACA","ACCGCCTTACTATAACACGAATTTCCAATAAAACCCAAACGAATTCCACG","I","A","Red","chr10",119296612,"-",119296612,119296613,0,0,0,0,1,0,0,0,0,0,0,0,0,0,1,0,0,0,0
"cg14072016","cg14072016",46670408,16788435,"AAATACAACATAAAAAAATCAAAACTTATTCTAAAAATCAACAACAACCA","AAATACAACGTAAAAAAATCAAAACTTATTCTAAAAATCGACAACAACCG","I","A","Red","chr10",384652,"+",384652,384653,0,0,0,0,0,1,0,0,0,0,0,0,1,0,0,0,0,0,0
"cg05446629","cg05446629",70711314,65716423,"AAAACAACAATCTAAAAACACCAAAACCAAAACATAAAAACCATTACCCA","AAAACAACGATCTAAAAACGCCGAAACCGAAACGTAAAAACCGTTACCCG","I","C","Grn","chr11",134281742,"+",134281742,134281743,0,1,1,0,0,0,0,0,0,1,0,0,0,0,1,0,0,0,0
"cg07602317","cg07602317",63659327,11645500,"AATATAAAAAAATCAAAACCCCTACAATAAATCATACCACAAAACAACCA","AATATAAAAAAATCAAAACCCCTACGATAAATCGTACCGCAAAACAACCG","I","C","Grn","chr11",2210191,"-",2210191,2210192,0,0,0,0,0,0,0,0,0,0,0,0,0,0,0,0,0,0,0
"cg09447621","cg09447621",28737420,35643499,"AATACAATAAAATAAAAAATTCTACACCAAAATTCAAAAAATACCTTACA","AATACGATAAAATAAAAAATTCTACACCGAAATTCAAAAAATACCTTACG","I","T","Red","chr11",134254646,"+",134254646,134254647,0,0,0,0,0,0,0,0,0,0,0,0,0,0,0,0,0,0,0
"cg26572839","cg26572839",66780312,59789449,"AAAAATAAAACCACTACAAACACATCACACAAAAAAAACCAAAACCAACA","AAAAATAAAACCGCTACAAACACATCACACAAAAAAAACCGAAACCAACG","I","A","Red","chr12",131749965,"-",131749965,131749966,0,0,0,0,0,0,0,0,0,0,0,0,0,0,0,0,0,0,0
"cg23385248","cg23385248",35617496,41716347,"ATTATTACATATATAAATATAATTACACATATAATCACACATATAACTCA","ATTATTACATATATAAATATAATTACACGTATAATCACACATATAACTCG","I","A","Red","chr15",93579332,"-",93579332,93579333,0,0,0,0,0,0,0,0,0,0,0,0,0,0,0,0,0,0,0
"cg09596866","cg09596866",24736408,19638323,"CAAAACCTATTATTAACCACAAAACAATAAATAAACCCCTTTCAAAACCA","CGAAACCTATTATTAACCGCGAAACGATAAATAAACCCCTTTCGAAACCG","I","A","Red","chr16",3493336,"+",3493336,3493337,0,1,0,0,1,0,1,1,0,1,1,1,0,1,0,0,1,0,0
"cg09928027","cg09928027",52802452,54729359,"ATAACCAAATAACCCTACCTCACTAAAATCCTCCTACTAATTAATAACCA","GTAACCGAATAACCCTACCTCGCTAAAATCCTCCTACTAATTAATAACCG","I","T","Red","chr16",88945708,"-",88945708,88945709,1,0,1,0,0,0,0,0,1,1,0,0,0,0,1,0,0,0,0
"cg10295858","cg10295858",24696306,55801303,"TATAAACTTACACTCAAAAATAAAATAAACCAAAAACAAAACCACAACCA","TATAAACTTACACTCGAAAATAAAATAAACCGAAAACAAAACCGCAACCG","I","C","Grn","chr16",411352,"-",411352,411353,0,0,0,0,1,0,0,0,0,0,0,0,0,0,0,0,0,0,0
"cg17228232","cg17228232",16766308,59636367,"AAACTAAAAAAACCAACACTTCCACAAAAATAAAATAAACATACTCAACA","AAACTAAAAAAACCAACGCTTCCGCAAAAATAAAATAAACGTACTCAACG","I","A","Red","chr17",79026049,"+",79026049,79026050,0,0,0,0,0,0,0,0,1,0,0,0,0,0,0,0,1,0,0
"cg17355719","cg17355719",10706421,29644406,"CCTCTAAAAAACCAAAACACAACCACCACAATAAAAATAACTACAAATCA","CCTCTAAAAAACCAAAACGCAACCACCACGATAAAAATAACTACAAATCG","I","A","Red","chr17",37893764,"-",37893764,37893765,1,0,0,0,0,0,0,0,1,1,0,0,0,0,0,0,0,0,0
"cg22627841","cg22627841",50631320,13705479,"AAACTAACTCAACTACCAACTACAATCAAAACCACCATATAAAAAAAACA","AAACTAACTCGACTACCGACTACGATCAAAACCACCGTATAAAAAAAACG","I","A","Red","chr17",48546258,"+",48546258,48546259,1,1,1,0,0,0,0,0,1,1,0,0,0,0,0,0,0,0,0
"cg26163368","cg26163368",44692390,72743484,"ACTAAAAACCTAAACCAAACTTCCAATCTAAATCCAACAACCATAAAACA","ACTAAAAACCTAAACCGAACTTCCAATCTAAATCCGACGACCGTAAAACG","I","A","Red","chr17",44026652,"+",44026652,44026653,0,0,0,0,0,0,1,1,0,1,0,0,0,0,0,0,0,0,0
"cg27039898","cg27039898",57763507,44761399,"TAACTAATACTAACAACATATTAACACAAATCCTCACAACATACTAACCA","TAACTAATACTAACGACGTATTAACACAAATCCTCGCGACATACTAACCG","I","A","Red","chr17",79799411,"-",79799411,79799412,1,1,1,0,0,0,1,1,1,1,0,0,0,1,0,0,0,0,0
"cg23553867","cg23553867",30699475,35628367,"CACCTCACCAAACCTCAATTTCTCATCTATAAAATAAACACCTATACACA","CGCCTCACCGAACCTCAATTTCTCATCTATAAAATAAACACCTATACGCG","I","C","Grn","chr18",74325812,"-",74325812,74325813,0,0,0,0,0,0,0,0,0,0,0,0,0,0,0,0,0,0,0
"cg19414598","cg19414598",31773434,16631417,"AAAACAACCCAACTATCCCCTCTAATAAAAACAACAACACAATCAAATCA","AAAACGACCCAACTATCCCCTCTAATAAAAACAACAACGCGATCGAATCG","I","C","Grn","chr22",38965745,"-",38965745,38965746,1,1,0,0,0,0,1,0,0,1,0,0,0,0,0,0,0,0,0
"cg00944431","cg00944431",40723506,NA,"ACTACAAAACAATAATTATTCCRAACTAAATAAACAAACCTAACRCCCAC","","II","","","chr1",10896004,"+",10896004,10896005,0,0,1,0,0,0,1,0,0,0,0,0,0,0,0,0,0,0,0
"cg02958263","cg02958263",20761410,NA,"CAACTACTAAACTCACACCTCCTATCAAAAAATCCCAAAACATACACRAC","","II","","","chr1",174769548,"-",174769548,174769549,0,1,1,0,0,0,1,0,1,1,1,1,0,1,0,0,0,0,0
"cg09106231","cg09106231",59787492,NA,"TACTATAATTCAACAAATTCTATTTCCTACTCATTAATTTTCTAATATTC","","II","","","chr1",207455715,"-",207455715,207455716,0,0,0,0,0,0,0,0,0,0,0,0,0,0,0,0,0,0,0
"cg09753749","cg09753749",19612367,NA,"AAATCTAAAACTTACCCATATATACATACCCTTTCCTAACTCTTTAATAC","","II","","","chr1",184359437,"+",184359437,184359438,1,1,0,0,0,0,0,0,1,1,0,0,0,0,0,0,1,0,0
"cg10054398","cg10054398",48720467,NA,"ATTATTAACTACCTATAATATATATCTAAATCAACAACAACAAAATATAC","","II","","","chr1",42208040,"+",42208040,42208041,0,0,0,0,0,0,0,0,0,0,0,0,0,0,0,0,0,0,0
"cg12802537","cg12802537",21754437,NA,"AACCCATCTTAATCCAATATAACCTCTTCTTAATTATATCTACAAAAACC","","II","","","chr1",221870819,"-",221870819,221870820,0,0,0,0,0,0,0,0,0,0,0,0,0,0,0,0,0,0,0
"cg17156011","cg17156011",38639403,NA,"TCTCAATTAATTAAAACTTCTTTCCTCTTTTTTTTCTCTTTTTTTAAAAC","","II","","","chr1",224357281,"-",224357281,224357282,0,0,0,0,0,0,0,0,0,0,0,0,0,0,0,0,0,0,0
"cg22237670","cg22237670",23624450,NA,"CTAACACCTTCTAATATATACRACACCTAATAAAAATTCRACACRAAACC","","II","","","chr1",182922582,"+",182922582,182922583,0,0,0,0,1,0,0,0,0,0,0,0,0,0,0,0,0,0,0
"cg22704788","cg22704788",64611475,NA,"AACACTAACCTATTTAATTCCTCCTAACAATCRCCTTACCTTCTAAAACC","","II","","","chr1",203444518,"+",203444518,203444519,1,1,1,0,0,0,1,0,1,0,0,0,0,0,0,0,0,0,0
"cg07488381","cg07488381",57603421,NA,"CCTCTAAAACAAAATTCCCACATCTAACCCAAAATACTACAAACRACTCC","","II","","","chr2",67235436,"+",67235436,67235437,1,0,0,0,0,0,0,0,0,0,0,0,0,0,0,0,0,0,0
"cg07896068","cg07896068",53804333,NA,"CAAACAAAACAATTCAATCCCCATTCRTTTCAATTCTTACTATACAAACC","","II","","","chr2",161056600,"-",161056600,161056601,0,1,1,0,0,0,1,1,0,1,1,1,0,1,0,0,1,0,0
"cg12148129","cg12148129",65783328,NA,"TTTAATAAAAACTACTCRTCTTCAACAAAACRAAAACCRACTACAAAAAC","","II","","","chr2",177502274,"-",177502274,177502275,1,0,0,0,1,0,1,1,1,1,1,1,0,0,1,0,0,0,0
"cg14807446","cg14807446",11610420,NA,"AAAACAAATAACTACCCRAAAACAATCAAACRTACTCTTTCTAATAACAC","","II","","","chr2",43540749,"-",43540749,43540750,1,0,0,0,0,0,0,0,0,0,0,0,0,0,0,0,0,0,0
"cg16688437","cg16688437",47680432,NA,"CCCCTAACRAACCTAAAAAAATAAACTTAACTAAAAAAAACCTAAAAAAC","","II","","","chr2",208632990,"-",208632990,208632991,1,1,1,0,0,0,1,0,1,1,1,0,0,0,0,0,0,0,0
"cg18663033","cg18663033",38646364,NA,"CAAAAATCCCRAATACAAAAACTTTTAATACAAAAACCRTAAATACAAAC","","II","","","chr2",241034966,"-",241034966,241034967,0,0,0,0,1,0,0,0,0,0,0,0,0,0,1,0,0,0,0
"cg23235671","cg23235671",33615430,NA,"AAAACTAATAATAAACTAAAAACCTCTCTTTTCTATTTTCCAATAATTTC","","II","","","chr2",128617901,"-",128617901,128617902,0,0,0,0,0,0,0,0,1,0,0,0,0,0,0,0,0,0,0
"cg23959977","cg23959977",22701475,NA,"CAAACAAAACAACRACTCAAAAAAACCCAACCCCTTCCTTAAATACTCCC","","II","","","chr2",242509493,"-",242509493,242509494,0,0,0,0,0,0,0,0,0,0,0,0,0,0,0,0,0,0,0
"cg25744579","cg25744579",12612416,NA,"AAAAAATCRTTTAAACACACACACAACTTTAAAATAAAACATTTACAACC","","II","","","chr2",11724901,"-",11724901,11724902,1,0,0,0,0,0,0,0,0,0,0,0,0,0,0,0,0,0,0
"cg26985674","cg26985674",41602414,NA,"CCCATTCCCTTAAACTAATTAACACTATTACCTATTAACTCCAACTAAAC","","II","","","chr2",204980438,"+",204980438,204980439,0,0,0,0,0,0,0,0,0,0,0,0,0,0,0,0,0,0,0
"cg04851268","cg04851268",38757352,NA,"AATAATATCAAATATCAAAAACCACCRAAAACACTCAATAAATAAAAAAC","","II","","","chr3",172167445,"-",172167445,172167446,1,0,0,0,1,0,0,0,0,0,0,0,0,0,1,0,0,0,0
"cg13211324","cg13211324",16658403,NA,"AACACACACACACAATCCTTCTCTTCATATACATATCTATACACATACAC","","II","","","chr3",113373736,"-",113373736,113373737,0,0,1,0,0,0,0,0,0,0,0,0,0,0,0,0,0,0,0
"cg20983854","cg20983854",54727451,NA,"TCAAAATTTTTAAACRTTAACCAAAATTCTTCAATAAACCAATTACCTTC","","II","","","chr3",111315344,"-",111315344,111315345,0,0,0,0,1,0,0,0,0,0,0,0,0,0,0,0,0,0,0
"cg01483139","cg01483139",67631465,NA,"AAAATATACCTATAAAACRCAACTTTACAAAAATTATAATCAATATCAAC","","II","","","chr4",187549458,"+",187549458,187549459,0,0,0,0,0,1,0,1,0,0,0,0,0,0,0,1,1,0,0
"cg05718036","cg05718036",64699330,NA,"TACTATACCTATCATAAAACCRCAACATATATTCAAAAACCTTATCTTAC","","II","","","chr4",81952593,"+",81952593,81952594,1,1,1,0,1,0,1,0,1,1,1,0,0,0,1,0,0,0,0
"cg06341779","cg06341779",27689377,NA,"TAAAATTAAAAACRATACAACCAAAATATACCCTTACRATAAATCRACTC","","II","","","chr4",109088043,"-",109088043,109088044,1,1,1,0,1,0,1,0,1,0,0,0,0,0,1,0,0,0,0
"cg07271580","cg07271580",44796425,NA,"CAACCCATTCTCTAAATATCATAATTCAAAATAAATAATATAACCTCCAC","","II","","","chr4",159095085,"+",159095085,159095086,1,1,0,0,0,0,0,0,1,1,0,0,0,0,0,0,1,0,0
"cg14578894","cg14578894",37688468,NA,"CAAAAATTACATTTCCAATAATATTTTACTCTACTAATATTTACTCCTCC","","II","","","chr4",87281511,"+",87281511,87281512,0,1,1,0,0,0,1,0,0,1,0,0,0,0,0,0,0,0,0
"cg26699569","cg26699569",57797328,NA,"ATCTCTAAACACATACTACRACTCTATAACAAATACAACACRATCCAAAC","","II","","","chr4",81952653,"-",81952653,81952654,1,1,1,0,1,0,1,0,1,1,0,0,0,0,1,0,0,0,0
"cg01571383","cg01571383",31760485,NA,"AAAATTATAAAAAAACCCATACAACCTAACTCCAAAAATAAAAACAAACC","","II","","","chr5",3740754,"+",3740754,3740755,1,0,0,0,0,0,0,0,1,1,0,0,0,1,0,0,0,0,0
"cg04488521","cg04488521",33638463,NA,"AATAAACTAAATACRCCRAACCRCTAAAATAAAAATACCAACCTTTTATC","","II","","","chr5",178487716,"-",178487716,178487717,0,1,1,0,0,0,1,1,0,1,1,1,0,1,0,0,0,0,0
"cg13887205","cg13887205",25679476,NA,"TAAAATAAATAATTAAATAAACCRCACCTAAAACACTATAACTAAAAAAC","","II","","","chr5",139525946,"-",139525946,139525947,0,0,0,0,1,0,0,0,0,0,0,0,0,0,0,0,0,0,0
"cg16204420","cg16204420",15633419,NA,"AATTTAATTAAAATAACRCTTCTCAAACTATACACATCACCTAAAATAAC","","II","","","chr5",44332757,"-",44332757,44332758,0,0,0,0,0,0,0,0,0,0,0,0,0,0,0,0,0,0,0
"cg19090585","cg19090585",21633354,NA,"CCTTAAACTTAAACTTACAAACAACCTACCTCAAATAATTAAACTACAAC","","II","","","chr5",17654594,"-",17654594,17654595,0,0,0,0,0,0,0,0,0,0,0,0,0,0,0,0,0,0,0
"cg22016770","cg22016770",10622308,NA,"ATTCTTACTATCTTTCTAAAACTCCTTACRCAACTAACTATTTACCTACC","","II","","","chr5",42468779,"-",42468779,42468780,0,0,0,0,0,0,0,0,0,0,0,0,0,0,0,0,0,0,0
"cg24729879","cg24729879",58611450,NA,"ATTTACAACTTAACTCCTAAAAAAACATAAAATATTCTCACAACTTCTCC","","II","","","chr5",55288892,"+",55288892,55288893,0,1,1,0,0,0,0,0,1,1,1,1,0,0,0,0,1,0,0
"cg25353450","cg25353450",31753346,NA,"TTTCCATTACATATATCACTTAAATACAATAACTTCTTAAAACTCTAAAC","","II","","","chr5",140792511,"-",140792511,140792512,0,0,0,1,0,0,0,0,0,0,0,0,1,0,0,0,0,0,0
"cg02357491","cg02357491",61777349,NA,"ATACCTAAAAACAAAACRACTAAAAAAACTCCATTATCTATACTCTTCCC","","II","","","chr6",31105744,"-",31105744,31105745,1,1,0,0,0,0,1,0,1,1,0,0,0,0,0,0,0,0,0
"cg06646708","cg06646708",66793324,NA,"AAACTAAAACCCAATCTTCCAACCCRAATACCTAACAATATCTCCAATCC","","II","","","chr6",18123224,"-",18123224,18123225,1,1,0,0,0,0,1,1,1,1,1,1,0,1,0,0,0,0,0
"cg07207982","cg07207982",57601444,NA,"CTCTATCCTAACTTATATCCTTTCTCTAAATTATACTTAACACTCTTCTC","","II","","","chr6",34984930,"-",34984930,34984931,0,0,1,0,0,0,0,0,0,0,0,0,0,0,0,0,0,0,0
"cg08406698","cg08406698",55700340,NA,"CATTTTTCTTCTTCTTTATAAACAACCCTTACCTAATAAACTAAAAAAAC","","II","","","chr6",168785320,"-",168785320,168785321,1,0,0,0,0,0,0,0,0,0,0,0,1,0,0,0,0,0,0
"cg10815152","cg10815152",22610495,NA,"TTAAAATAAAACTTACAAACCAATTTCTTCTTTCCTTCAATACATCCCAC","","II","","","chr6",102098727,"-",102098727,102098728,0,0,0,0,0,0,0,0,0,0,0,0,0,0,0,0,0,0,0
"cg12248807","cg12248807",11680312,NA,"CTCCCTAAACCACCCAAACTATAACTAATACTACAAATATACTCCAACAC","","II","","","chr6",25156302,"+",25156302,25156303,0,0,0,0,0,0,0,0,0,0,0,0,0,0,0,0,0,0,0
"cg14132167","cg14132167",11646507,NA,"TATCTATAATACATCATCACACAATACCTCAAATTTTACAAACACATTCC","","II","","","chr6",90661052,"+",90661052,90661053,0,0,0,0,0,1,0,1,0,0,0,0,0,0,0,0,0,0,0
"cg23130010","cg23130010",22600354,NA,"AATTCTCATTCCCACTAAATATCRAATTTCTAAAAAAACCAATCRATACC","","II","","","chr6",29855462,"-",29855462,29855463,0,1,1,0,0,0,1,1,0,1,1,1,0,1,0,0,0,0,0
"cg27638453","cg27638453",27610483,NA,"ATAACATTCTACTACTCTATATAACCCCAAAAAACAATACAACTATATAC","","II","","","chr6",157470150,"+",157470150,157470151,0,0,0,0,0,0,1,1,1,1,1,1,0,1,0,0,0,0,0
"cg02647628","cg02647628",71738470,NA,"TAACTCTAAACAAAACAACTTAAACTCACAAATCTCAACTAAACACCATC","","II","","","chr7",114053988,"+",114053988,114053989,0,0,1,0,0,0,0,0,0,0,0,0,0,0,0,0,0,0,0
"cg08070327","cg08070327",17638337,NA,"TATATAATATTTCTCCAAAACRAAATCAAATTCCATACACTTTTATAACC","","II","","","chr7",27184059,"-",27184059,27184060,0,1,1,0,0,0,1,1,0,1,1,1,0,1,0,0,0,0,0
"cg11788586","cg11788586",67632351,NA,"ATATCCCTCRTACATAAAAACTTTCAACATATAACCTCTTTAATTTACCC","","II","","","chr7",136606294,"-",136606294,136606295,0,0,0,0,0,0,0,0,0,0,0,0,0,0,0,0,0,0,0
"cg16453056","cg16453056",59689453,NA,"AAAATACAACRAACAAATCACTAAACCTCAATTTCTCCATCTAAAAAACC","","II","","","chr7",76145632,"+",76145632,76145633,0,0,0,0,0,0,1,1,1,1,1,0,0,0,0,0,0,0,0
"cg26697320","cg26697320",54635479,NA,"CRAAAAATTCACAAAAAACCCAAATATAACAAAAAAAACTATCAAAAAAC","","II","","","chr7",26437681,"-",26437681,26437682,0,1,1,0,0,0,1,1,1,1,1,0,0,0,0,0,0,0,0
"cg02389590","cg02389590",72684364,NA,"CRTCCAAACCTCTCAAAATACTCRAATTACATACRAATACCATTACATAC","","II","","","chr8",110658029,"-",110658029,110658030,1,0,1,0,0,0,1,0,1,0,0,0,0,0,0,0,0,0,0
"cg04160749","cg04160749",45695383,NA,"TAATAACTACACATAAATTCAAAACRAAAACTAACAAAACTAACCCAAAC","","II","","","chr8",58172571,"+",58172571,58172572,0,0,0,0,0,0,0,0,0,0,0,0,1,0,0,0,0,0,0
"cg04225551","cg04225551",22701314,NA,"ACATCTACCATAAAATCTAAATCAATACAACCTCTAACTAAAAACAACCC","","II","","","chr8",102526827,"-",102526827,102526828,1,1,0,0,0,0,0,0,1,1,0,0,0,0,0,0,1,0,0
"cg05876246","cg05876246",14643320,NA,"AACACATTTTCACTATAATTTCAATCTAAAAAAAACTAACATCTACTAAC","","II","","","chr8",81831079,"-",81831079,81831080,0,0,0,0,0,0,0,0,0,0,0,0,0,0,0,0,0,0,0
"cg05973028","cg05973028",72645433,NA,"TCTCTCTATATATAAAATTTACTTACAATTCAACTAAAAAACAAAACCTC","","II","","","chr8",56805707,"-",56805707,56805708,1,0,0,0,0,0,0,1,1,0,0,0,0,1,0,0,1,0,0
"cg19660812","cg19660812",14619428,NA,"AAATCAACRTTATCCATAACAACCATATATTCRACAAAAAATCTATAACC","","II","","","chr8",38617447,"+",38617447,38617448,1,0,0,0,0,0,0,0,0,0,0,0,0,0,0,0,0,0,0
"cg23409608","cg23409608",29654444,NA,"AAACTAACCATCAAATACTACRCCCATTACATTCACTTCCTAAAACTACC","","II","","","chr8",128878013,"+",128878013,128878014,1,1,0,0,0,0,0,0,1,0,0,0,0,1,0,0,1,0,0
"cg02558684","cg02558684",12715417,NA,"AACCCTCAAAATTTCCTAAATAATAAATATCTATTTAATACTACTAAATC","","II","","","chr9",96936826,"+",96936826,96936827,1,0,0,0,0,1,0,0,0,0,0,0,0,0,0,1,1,0,0
"cg03626278","cg03626278",12695399,NA,"CTAACRAATCAATAACCACCACCAAACTAATAAACRAAAACCAAAATAAC","","II","","","chr9",98278383,"-",98278383,98278384,1,1,1,0,0,0,1,0,1,1,1,0,0,0,0,0,0,0,0
"cg02571436","cg02571436",14670460,NA,"CTTATTATTAACCCCATACCTCATCCCAAAAATCACATCRCTTTAATAAC","","II","","","chr10",77468337,"+",77468337,77468338,0,0,0,0,0,0,0,0,0,0,0,0,0,0,0,0,0,0,0
"cg04800142","cg04800142",16717443,NA,"AAACCAACTCCRATAAAACRAATCCTCTAATTCACTACCAACAAAATAAC","","II","","","chr10",3329842,"+",3329842,3329843,0,0,0,0,0,0,0,0,0,0,0,0,0,0,0,0,0,0,0
"cg05702052","cg05702052",41729350,NA,"RACCTAAAAATTACACATAAAATCAAAAAACRTCAACTAAAACAACACCC","","II","","","chr10",124714365,"+",124714365,124714366,0,1,0,1,0,0,1,0,1,1,1,0,1,0,0,0,0,0,0
"cg11548411","cg11548411",16652402,NA,"ATATCCTCTAATATAAATATCAATAATACTATTTTCCRCRCAATCATTTC","","II","","","chr10",103052605,"+",103052605,103052606,1,1,0,0,0,0,1,0,0,1,1,0,0,0,1,0,0,0,0
"cg23074048","cg23074048",49751344,NA,"AACCCCATTAAATATCRAATCRCATAAAAAATCTAATTATAAAATCTTTC","","II","","","chr10",8088801,"-",8088801,8088802,1,0,0,0,0,0,0,0,0,0,0,0,0,0,0,0,0,0,0
"cg23723835","cg23723835",20656373,NA,"AAATTTTAAAATACTCAACAAAACTACCTAACATCCTATTTATATATAAC","","II","","","chr10",73869442,"+",73869442,73869443,0,0,0,0,0,0,0,0,0,0,0,0,0,0,0,0,0,0,0
"cg09537259","cg09537259",32662372,NA,"TCACACAAAAAAAATATCTTCCAATTCCATTTAAACTACAATCTAATTTC","","II","","","chr11",94987522,"-",94987522,94987523,0,0,0,0,0,0,0,0,0,1,0,0,0,0,0,0,0,0,0
"cg17695791","cg17695791",30711496,NA,"TAACTAATAAAAACCRATTCTAAAAATTCAAACACCACCTTCACCCCACC","","II","","","chr11",91913958,"+",91913958,91913959,0,0,0,0,0,0,0,0,1,0,0,0,0,0,0,0,0,0,0
"cg02405073","cg02405073",60689420,NA,"TTAAACCAAATCCCCCCCAAATCCCAATTCCTCCAAAAATTTTACTAAAC","","II","","","chr12",125671783,"-",125671783,125671784,1,0,0,0,0,0,0,1,1,1,1,0,0,0,0,0,0,0,0
"cg03935116","cg03935116",50735312,NA,"TAAAAACAAAAAAACTAACTAAAATCATAATTACCAAAACAAACTACACC","","II","","","chr12",31476565,"-",31476565,31476566,0,1,1,0,0,0,1,0,1,1,1,1,0,1,0,0,1,0,0
"cg14741228","cg14741228",20706343,NA,"CTATCTCRAATAAAATCCCTATTTAACTCAAAAATAAATCCTAATCTTCC","","II","","","chr12",31476479,"-",31476479,31476480,0,1,1,0,0,0,0,0,1,1,1,1,0,1,0,0,1,0,0
"cg19243330","cg19243330",61749376,NA,"RAACTAAAACRACTAAACCAAAACCTATAAACCTTCTCTATCTTACTACC","","II","","","chr12",53552274,"+",53552274,53552275,0,0,0,0,0,1,0,0,0,0,0,0,0,0,0,0,0,0,0
"cg21793437","cg21793437",40804468,NA,"CAAAACCRAAAACACTAACAACACCTCRAACTTTAATAAATCRAATTATC","","II","","","chr12",2734591,"+",2734591,2734592,1,0,1,0,0,0,0,0,0,0,0,0,0,0,0,0,0,0,0
"cg26621513","cg26621513",37736312,NA,"TTAATAAAACRAACRTAACCAACCTCTTAAAAAAACCAAATTTTCATCTC","","II","","","chr12",4689446,"+",4689446,4689447,0,0,0,0,1,0,0,0,0,0,0,0,0,0,0,0,0,0,0
"cg05512561","cg05512561",72774337,NA,"AAACCTCAAAACACTTCAAAAACAAAACTTTATAAACTACAAAACACCCC","","II","","","chr13",33925656,"+",33925656,33925657,0,0,0,0,0,0,1,0,0,0,0,0,0,0,0,0,0,0,0
"cg09842196","cg09842196",64627434,NA,"TTTACTTATCCTTTCTCATTTTATAAATCTAAAATTTCTTCTATATCTAC","","II","","","chr13",47012543,"-",47012543,47012544,0,0,0,0,1,0,0,0,0,0,0,0,0,0,0,0,0,0,0
"cg11787508","cg11787508",23730404,NA,"CCATCAATAAAACCACAAACCTAAAAACRACTTATACCRCCACCTTAAAC","","II","","","chr13",26761337,"-",26761337,26761338,1,1,1,0,0,0,1,0,0,1,1,1,0,0,0,0,0,0,0
"cg16703420","cg16703420",28677391,NA,"TTAAAATCCAAAACAATTACTAAATACTCAAAACAAAAATTCTAAAAACC","","II","","","chr14",38401512,"-",38401512,38401513,0,0,0,0,0,0,0,0,0,0,0,0,0,0,0,0,0,0,0
"cg03012556","cg03012556",65698492,NA,"CCRTAATAAACTAAAAAACTATACTTAATATCRACAATACAACTATAATC","","II","","","chr15",93579395,"+",93579395,93579396,0,0,0,0,0,0,0,0,0,0,0,0,0,0,0,0,0,0,0
"cg08729686","cg08729686",66749337,NA,"TAAACTCTCCTACTCTTTATTTTCTAAACTTTCAACRAACTCRATTAAAC","","II","","","chr15",99194624,"-",99194624,99194625,0,1,1,0,0,0,1,1,0,1,1,1,0,1,0,0,1,0,0
"cg09088406","cg09088406",62637346,NA,"CCTACCTCTATTTTCRTATCAATAAAACRAACTAAAATAAAACCTAACTC","","II","","","chr15",27819306,"+",27819306,27819307,0,0,0,0,0,0,0,0,0,0,0,0,1,0,0,0,0,0,0
"cg11550865","cg11550865",17747506,NA,"TAAAAACATTTTCCTTTAACCTAATCTATTTCTTAATATTCTCTTTCAAC","","II","","","chr15",59501408,"-",59501408,59501409,1,0,0,0,0,1,0,0,0,0,0,0,0,0,0,1,0,0,0
"cg12036633","cg12036633",34610328,NA,"ACCTTAAAATACCAAACTCTAAAACCAACCTATATTAAAAAAACCCCCCC","","II","","","chr15",63758958,"-",63758958,63758959,1,0,0,0,0,0,0,1,0,0,0,0,0,0,0,0,0,0,0
"cg12098156","cg12098156",29685457,NA,"CATATACATATCRACCAAAACAAAACACTACTACTCACCTCTTCTACCAC","","II","","","chr15",81171179,"-",81171179,81171180,1,0,0,0,0,0,0,0,0,0,0,0,0,0,1,0,0,0,0
"cg21234506","cg21234506",57662443,NA,"ACATTTAAAAATATTCTCATCAAAAAACTTCTACRACAACAAATTACCCC","","II","","","chr15",80263132,"+",80263132,80263133,0,0,0,0,0,0,1,0,1,0,0,0,0,0,0,0,0,0,0
"cg02459936","cg02459936",33695347,NA,"CRACTACTTATATAACCTAATACTACTCTCTACTATCACAACTCCCCTAC","","II","","","chr16",1830075,"+",1830075,1830076,1,0,0,0,0,1,0,0,1,0,0,0,0,0,0,0,0,0,0
"cg08657710","cg08657710",40631408,NA,"CRCCRACRTATATTCCATAAATTTACTAAAACTCTATAAAAAACAAAATC","","II","","","chr16",75258780,"+",75258780,75258781,1,0,0,0,1,0,0,0,0,0,0,0,0,0,1,0,0,0,0
"cg26751513","cg26751513",20724311,NA,"CTTCAATTAATTTACAAAACCACATACRTCTAACRCTTACCCTACTAATC","","II","","","chr16",1542910,"-",1542910,1542911,1,1,0,0,0,0,1,0,1,0,0,0,0,0,0,0,0,0,0
"cg26863750","cg26863750",47698357,NA,"AAAACRAATATACACAAACATATTCACTACACCTATATACAAATACAAAC","","II","","","chr16",1350103,"+",1350103,1350104,1,0,0,0,1,0,0,0,0,0,0,0,0,0,0,0,0,0,0
"cg03168497","cg03168497",44660356,NA,"AAAAAATATCAAAAATTAACRCTAACTACCTTAAACRCTCRAAAAAACCC","","II","","","chr17",48586147,"-",48586147,48586148,1,1,0,0,0,0,0,0,0,0,0,0,0,0,0,0,0,0,0
"cg01152726","cg01152726",64663459,NA,"CCTCACAAAAATTACAAAACRATACRCTTACCTACRAAACTATTATATAC","","II","","","chr18",21452844,"-",21452844,21452845,0,0,0,0,0,0,0,1,0,0,0,0,0,0,0,0,0,0,0
"cg02935338","cg02935338",65631446,NA,"RAAACCCTCTAACTAAACRAATACAATACCCTAATCCCAAATCRATCTCC","","II","","","chr18",25755847,"+",25755847,25755848,1,0,0,0,1,0,0,0,1,0,0,0,0,0,1,0,0,0,0
"cg12390344","cg12390344",66736372,NA,"ATAACCTAAAAATTCTCTCTTAAAATACACCACAAAAAATAATTACCACC","","II","","","chr18",21270348,"+",21270348,21270349,0,1,0,0,0,0,1,0,1,1,1,0,0,0,0,0,0,0,0
"cg26708427","cg26708427",29663487,NA,"AACTATCACTCTTCATATAATAAACCTTCAACAAATACACAACTCTCATC","","II","","","chr18",3250274,"+",3250274,3250275,0,1,0,0,0,0,0,1,1,1,1,0,0,1,0,0,1,0,0
"cg03559454","cg03559454",73694388,NA,"TATCAAAAACRATACCATCATAACCAACCTATCAAACACRAAAATCCAAC","","II","","","chr19",49646157,"-",49646157,49646158,0,1,1,0,0,0,1,1,1,1,1,1,0,0,0,0,0,0,0
"cg06528223","cg06528223",36804447,NA,"TATTAACAAAAAAATCAATCAATCAAAAAACTAACCTCACCTAAACCCCC","","II","","","chr19",6477198,"-",6477198,6477199,1,0,0,0,1,0,0,0,0,0,0,0,0,0,0,0,0,0,0
"cg18540299","cg18540299",70616338,NA,"CATAAAAACTAAAATTATCACCTAAACAAAAAACAACCRTAAAAACCACC","","II","","","chr19",41314000,"-",41314000,41314001,1,0,0,0,0,1,0,0,0,0,0,0,0,0,0,0,1,0,0
"cg21435336","cg21435336",72780342,NA,"ACCRAAAACRAACCAAAAATAAAAATCTTTAACCRAAATCCACTCTAACC","","II","","","chr19",17392852,"-",17392852,17392853,1,1,0,0,1,0,1,0,1,1,0,0,0,0,0,0,0,0,0
"cg23899408","cg23899408",73687490,NA,"RAAACAAAACCCTAAAAAAAAACCCAACCAAACCATAAAATTAAAACACC","","II","","","chr19",12877188,"-",12877188,12877189,1,1,1,0,0,1,1,1,1,1,1,1,0,1,0,0,0,0,0
"cg24314434","cg24314434",50611480,NA,"ATAAAATAAAAACRCTAATCTAAAACTTTAATTCTCAAAATAAATCCCAC","","II","","","chr19",5851762,"-",5851762,5851763,0,0,0,0,0,0,0,0,0,0,0,0,0,0,0,0,0,0,0
"cg26151999","cg26151999",72773310,NA,"ACTATTACATTTTCCATTCCCACCAACAATATATAAAAATTCAACCTACC","","II","","","chr19",55644082,"-",55644082,55644083,0,0,0,0,0,0,0,0,0,0,0,0,0,0,0,0,0,0,0
"cg00400263","cg00400263",41728328,NA,"ATATAAAACTATAATCTCRATAATCRTTATTATCCCAATACTCRACACCC","","II","","","chr20",58514201,"-",58514201,58514202,1,1,0,0,0,0,0,1,1,1,1,0,0,0,0,0,1,0,0
"cg01082229","cg01082229",54769352,NA,"CTACAACTCCAAATACTACTATCATTTTAAAAAAATATATTTTCAACCTC","","II","","","chr20",61825707,"+",61825707,61825708,0,0,0,0,0,1,0,0,0,0,0,0,0,0,0,0,0,0,0
"cg14469070","cg14469070",42679379,NA,"TCCCCCAAACCCTAATAAATCRACCTTAACCAATAAAATTCTTTATACCC","","II","","","chr20",36148803,"+",36148803,36148804,1,1,0,0,0,1,0,0,1,1,0,0,0,0,0,0,1,0,0
"cg25828181","cg25828181",62753354,NA,"CRACCCRAAAACCTTTCTACRCATATACTATTCCTATTTTTTACCTAAAC","","II","","","chr20",45142214,"+",45142214,45142215,0,1,1,0,0,0,1,0,0,1,1,1,0,1,1,0,0,0,0
"cg09556952","cg09556952",64739467,NA,"RAAACTTAAAAATAAAATAACTACRACCRCRCCCCTTACTACCCTCTAAC","","II","","","chr21",38119946,"-",38119946,38119947,0,0,0,0,1,0,1,0,1,1,1,0,0,0,0,0,0,0,0
"cg06174407","cg06174407",16612352,NA,"TTTCTCTCCCCCTTCTACRCCATCACCTAAATCATAAAAAAATTCAAAAC","","II","","","chr22",29470232,"+",29470232,29470233,0,1,0,0,0,0,1,0,1,1,0,0,0,0,0,0,0,0,0
"cg14743748","cg14743748",43638438,NA,"AAATCCTCTTCAACAACTATATCACCAACAAATCCAACAATTTCCCCACC","","II","","","chr22",46929704,"+",46929704,46929705,0,0,0,0,0,0,0,0,1,1,0,0,0,0,0,0,1,0,0
"cg15242686","cg15242686",16758430,NA,"CRCCCTACTTATCTTCTAAACTATTACTCAAATAACTCTAACTAACTTCC","","II","","","chr22",24348715,"+",24348715,24348716,0,0,0,0,0,0,0,0,0,0,0,0,0,0,0,0,0,0,0
